[{"model": "goto.event", "pk": 1, "fields": {"name": "\u0413\u043e\u0440\u043e\u0434\u0441\u043a\u0430\u044f \u0448\u043a\u043e\u043b\u0430 GoTo", "slug": "city-school", "short_description": "\u0413\u043e\u0440\u043e\u0434\u0441\u043a\u0430\u044f \u0448\u043a\u043e\u043b\u0430 \u043f\u043e ML \u0438 IoT", "full_description": "\u0412\u043e\u0441\u044c\u043c\u0438\u0434\u043d\u0435\u0432\u043d\u0430\u044f \u043f\u0440\u043e\u0435\u043a\u0442\u043d\u0430\u044f \u0448\u043a\u043e\u043b\u0430 \u043f\u043e \u043c\u0430\u0448\u0438\u043d\u043d\u043e\u043c\u0443 \u043e\u0431\u0443\u0447\u0435\u043d\u0438\u044e, \u0430\u043d\u0430\u043b\u0438\u0437\u0443 \u0434\u0430\u043d\u043d\u044b\u0445 \u0438 \u0438\u043d\u0442\u0435\u0440\u043d\u0435\u0442\u0443 \u0432\u0435\u0449\u0435\u0439.\r\n\r\n\u041f\u0440\u043e\u0433\u0440\u0430\u043c\u043c\u0430 \u0441\u043e\u0441\u0442\u043e\u0438\u0442 \u0438\u0437 \u0434\u0432\u0443\u0445 \u0431\u043b\u043e\u043a\u043e\u0432: \u043e\u0431\u0443\u0447\u0430\u044e\u0449\u0435\u0433\u043e \u0438\u043d\u0442\u0435\u043d\u0441\u0438\u0432\u0430 \u0441 \u0440\u0430\u0437\u0431\u043e\u0440\u043e\u043c \u043a\u0435\u0439\u0441\u043e\u0432 \u043e\u0442 \u0432\u0435\u0434\u0443\u0449\u0438\u0445 \u0441\u043f\u0435\u0446\u0438\u0430\u043b\u0438\u0441\u0442\u043e\u0432 \u043e\u0442\u0440\u0430\u0441\u043b\u0438 \u0438 \u0440\u0430\u0431\u043e\u0442\u044b \u0432 \u043a\u043e\u043c\u0430\u043d\u0434\u0430\u0445 \u043d\u0430\u0434 \u043f\u0440\u043e\u0435\u043a\u0442\u043e\u043c \u0441 \u043e\u043f\u044b\u0442\u043d\u044b\u043c \u043a\u0443\u0440\u0430\u0442\u043e\u0440\u043e\u043c.\r\n\r\n\u0414\u043b\u044f \u0443\u0447\u0430\u0441\u0442\u0438\u044f \u043d\u0435\u043e\u0431\u0445\u043e\u0434\u0438\u043c\u043e \u043f\u0440\u043e\u0439\u0442\u0438 \u043e\u0442\u0431\u043e\u0440, \u0447\u0430\u0441\u0442\u044c \u0443\u0447\u0430\u0441\u0442\u043d\u0438\u043a\u043e\u0432 \u043f\u043e\u043b\u0443\u0447\u0438\u0442 \u0433\u0440\u0430\u043d\u0442\u044b \u043d\u0430 \u0431\u0435\u0441\u043f\u043b\u0430\u0442\u043d\u043e\u0435 \u043e\u0431\u0443\u0447\u0435\u043d\u0438\u0435 \u0438 \u0441\u043a\u0438\u0434\u043a\u0438. \u0420\u0435\u0437\u0443\u043b\u044c\u0442\u0430\u0442 \u043e\u0442\u0431\u043e\u0440\u0430 \u0431\u0443\u0434\u0435\u0442 \u043e\u0431\u044a\u044f\u0432\u043b\u0435\u043d \u0432 \u0442\u0435\u0447\u0435\u043d\u0438\u0435 \u043d\u0435\u0434\u0435\u043b\u0438 \u043f\u043e\u0441\u043b\u0435 \u0441\u0434\u0430\u0447\u0438 \u0437\u0430\u0434\u0430\u043d\u0438\u044f, \u043e\u0431\u043b\u0430\u0434\u0430\u0442\u0435\u043b\u0438 \u0433\u0440\u0430\u043d\u0442\u043e\u0432 \u043d\u0430 \u0441\u043a\u0438\u0434\u043a\u0443 \u0438\u043b\u0438 \u0431\u0435\u0441\u043f\u043b\u0430\u0442\u043d\u043e\u0435 \u0443\u0447\u0430\u0441\u0442\u0438\u0435 \u2013 27 \u0438\u044e\u043b\u044f.\r\n\r\n\u041f\u043e \u0438\u0442\u043e\u0433\u0430\u043c \u043e\u0442\u0431\u043e\u0440\u0430 \u0441\u0444\u043e\u0440\u043c\u0438\u0440\u0443\u0435\u0442\u0441\u044f 2 \u043f\u043e\u0442\u043e\u043a\u0430: \u0434\u043b\u044f \u043d\u0430\u0447\u0438\u043d\u0430\u044e\u0449\u0438\u0445 \u0438 \u0431\u043e\u043b\u0435\u0435 \u043e\u043f\u044b\u0442\u043d\u044b\u0445 \u0443\u0447\u0430\u0441\u0442\u043d\u0438\u043a\u043e\u0432. \u041d\u0430\u0447\u0438\u043d\u0430\u044e\u0449\u0438\u0445 \u0436\u0434\u0435\u0442 \u0441\u0435\u0440\u0438\u044f \u0432\u0432\u043e\u0434\u043d\u044b\u0445 \u043c\u0430\u0441\u0442\u0435\u0440-\u043a\u043b\u0430\u0441\u0441\u043e\u0432, \u043f\u043e\u0441\u043b\u0435 \u043a\u043e\u0442\u043e\u0440\u044b\u0445 \u043e\u043d\u0438 \u0441\u043c\u043e\u0433\u0443\u0442 \u043f\u0440\u0438\u0441\u043e\u0435\u0434\u0438\u043d\u0438\u0442\u044c\u0441\u044f \u043a \u0433\u0440\u0443\u043f\u043f\u0435 \u043e\u043f\u044b\u0442\u043d\u044b\u0445 \u0443\u0447\u0430\u0441\u0442\u043d\u0438\u043a\u043e\u0432, \u043a\u043e\u0442\u043e\u0440\u0430\u044f \u0441\u0440\u0430\u0437\u0443 \u043f\u043e\u0433\u0440\u0443\u0437\u0438\u0442\u0441\u044f \u0432 \u0440\u0430\u0431\u043e\u0442\u0443 \u043d\u0430\u0434 \u043a\u0435\u0439\u0441\u0430\u043c\u0438 \u0432\u044b\u0431\u0440\u0430\u043d\u043d\u043e\u0439 \u043f\u0440\u0438\u043a\u043b\u0430\u0434\u043d\u043e\u0439 \u043e\u0431\u043b\u0430\u0441\u0442\u0438.", "price": "16 000 \u0440\u0443\u0431\u043b\u0435\u0439 \u0413\u0440\u0430\u043d\u0442\u044b \u0434\u043b\u044f \u0430\u0432\u0442\u043e\u0440\u043e\u0432 \u043b\u0443\u0447\u0448\u0438\u0445 \u0440\u0435\u0448\u0435\u043d\u0438\u0439 \u043e\u0442\u0431\u043e\u0440\u043e\u0447\u043d\u043e\u0433\u043e \u0437\u0430\u0434\u0430\u043d\u0438\u044f.", "target_auditory": "\u0428\u043a\u043e\u043b\u044c\u043d\u0438\u043a\u0438, \u0441\u0442\u0443\u0434\u0435\u043d\u0442\u044b \u0438 \u043c\u043e\u043b\u043e\u0434\u044b\u0435 \u0441\u043f\u0435\u0446\u0438\u0430\u043b\u0438\u0441\u0442\u044b \u0432\u043e\u0437\u0440\u0430\u0441\u0442\u043e\u043c \u0434\u043e 22 \u043b\u0435\u0442 \u0441\u043e \u0432\u0441\u0435\u0439 \u0420\u043e\u0441\u0441\u0438\u0438", "format": "school", "place": "\u0424\u041a\u041d \u041d\u0418\u0423 \u0412\u0428\u042d \u041c\u043e\u0441\u043a\u0432\u0430, \u041a\u043e\u0447\u043d\u043e\u0432\u0441\u043a\u0438\u0439 \u043f\u0440-\u0434, 3", "main_image": 1, "lon": null, "lat": null, "partners": [2, 1], "pages": [], "applier_questions": [], "steps": [1], "faquestions": []}}, {"model": "goto.event", "pk": 3, "fields": {"name": "\u041b\u0435\u043a\u0446\u0438\u044f \u043f\u043e \u043c\u0430\u0448\u0438\u043d\u043d\u043e\u043c\u0443 \u043e\u0431\u0443\u0447\u0435\u043d\u0438\u044e", "slug": "lecture-ml", "short_description": "\u041b\u0435\u043a\u0446\u0438\u044f \u043f\u043e \u043c\u0430\u0448\u0438\u043d\u043d\u043e\u043c\u0443 \u043e\u0431\u0443\u0447\u0435\u043d\u0438\u044e", "full_description": "\u041b\u0435\u043a\u0446\u0438\u044f \u043f\u043e \u043c\u0430\u0448\u0438\u043d\u043d\u043e\u043c\u0443 \u043e\u0431\u0443\u0447\u0435\u043d\u0438\u044e. \u041b\u0435\u043a\u0446\u0438\u044f \u043f\u043e \u043c\u0430\u0448\u0438\u043d\u043d\u043e\u043c\u0443 \u043e\u0431\u0443\u0447\u0435\u043d\u0438\u044e. \u041b\u0435\u043a\u0446\u0438\u044f \u043f\u043e \u043c\u0430\u0448\u0438\u043d\u043d\u043e\u043c\u0443 \u043e\u0431\u0443\u0447\u0435\u043d\u0438\u044e. \u041b\u0435\u043a\u0446\u0438\u044f \u043f\u043e \u043c\u0430\u0448\u0438\u043d\u043d\u043e\u043c\u0443 \u043e\u0431\u0443\u0447\u0435\u043d\u0438\u044e. \u041b\u0435\u043a\u0446\u0438\u044f \u043f\u043e \u043c\u0430\u0448\u0438\u043d\u043d\u043e\u043c\u0443 \u043e\u0431\u0443\u0447\u0435\u043d\u0438\u044e. \u041b\u0435\u043a\u0446\u0438\u044f \u043f\u043e \u043c\u0430\u0448\u0438\u043d\u043d\u043e\u043c\u0443 \u043e\u0431\u0443\u0447\u0435\u043d\u0438\u044e. \u041b\u0435\u043a\u0446\u0438\u044f \u043f\u043e \u043c\u0430\u0448\u0438\u043d\u043d\u043e\u043c\u0443 \u043e\u0431\u0443\u0447\u0435\u043d\u0438\u044e. \u041b\u0435\u043a\u0446\u0438\u044f \u043f\u043e \u043c\u0430\u0448\u0438\u043d\u043d\u043e\u043c\u0443 \u043e\u0431\u0443\u0447\u0435\u043d\u0438\u044e. \u041b\u0435\u043a\u0446\u0438\u044f \u043f\u043e \u043c\u0430\u0448\u0438\u043d\u043d\u043e\u043c\u0443 \u043e\u0431\u0443\u0447\u0435\u043d\u0438\u044e. \u041b\u0435\u043a\u0446\u0438\u044f \u043f\u043e \u043c\u0430\u0448\u0438\u043d\u043d\u043e\u043c\u0443 \u043e\u0431\u0443\u0447\u0435\u043d\u0438\u044e. \u041b\u0435\u043a\u0446\u0438\u044f \u043f\u043e \u043c\u0430\u0448\u0438\u043d\u043d\u043e\u043c\u0443 \u043e\u0431\u0443\u0447\u0435\u043d\u0438\u044e. \u041b\u0435\u043a\u0446\u0438\u044f \u043f\u043e \u043c\u0430\u0448\u0438\u043d\u043d\u043e\u043c\u0443 \u043e\u0431\u0443\u0447\u0435\u043d\u0438\u044e. \u041b\u0435\u043a\u0446\u0438\u044f \u043f\u043e \u043c\u0430\u0448\u0438\u043d\u043d\u043e\u043c\u0443 \u043e\u0431\u0443\u0447\u0435\u043d\u0438\u044e. \u041b\u0435\u043a\u0446\u0438\u044f \u043f\u043e \u043c\u0430\u0448\u0438\u043d\u043d\u043e\u043c\u0443 \u043e\u0431\u0443\u0447\u0435\u043d\u0438\u044e. \u041b\u0435\u043a\u0446\u0438\u044f \u043f\u043e \u043c\u0430\u0448\u0438\u043d\u043d\u043e\u043c\u0443 \u043e\u0431\u0443\u0447\u0435\u043d\u0438\u044e. \u041b\u0435\u043a\u0446\u0438\u044f \u043f\u043e \u043c\u0430\u0448\u0438\u043d\u043d\u043e\u043c\u0443 \u043e\u0431\u0443\u0447\u0435\u043d\u0438\u044e.", "price": "", "target_auditory": "", "format": "lecture", "place": "", "main_image": 1, "lon": null, "lat": null, "partners": [1], "pages": [], "applier_questions": [], "steps": [], "faquestions": []}}, {"model": "goto.event", "pk": 4, "fields": {"name": "\u041b\u0435\u043a\u0446\u0438\u044f \u043f\u043e \u043c\u0430\u0448\u0438\u043d\u043d\u043e\u043c\u0443 \u043e\u0431\u0443\u0447\u0435\u043d\u0438\u044e", "slug": "lecture-ml-2", "short_description": "\u041b\u0435\u043a\u0446\u0438\u044f \u043f\u043e \u043c\u0430\u0448\u0438\u043d\u043d\u043e\u043c\u0443 \u043e\u0431\u0443\u0447\u0435\u043d\u0438\u044e", "full_description": "\u041b\u0435\u043a\u0446\u0438\u044f \u043f\u043e \u043c\u0430\u0448\u0438\u043d\u043d\u043e\u043c\u0443 \u043e\u0431\u0443\u0447\u0435\u043d\u0438\u044e. \u041b\u0435\u043a\u0446\u0438\u044f \u043f\u043e \u043c\u0430\u0448\u0438\u043d\u043d\u043e\u043c\u0443 \u043e\u0431\u0443\u0447\u0435\u043d\u0438\u044e. \u041b\u0435\u043a\u0446\u0438\u044f \u043f\u043e \u043c\u0430\u0448\u0438\u043d\u043d\u043e\u043c\u0443 \u043e\u0431\u0443\u0447\u0435\u043d\u0438\u044e. \u041b\u0435\u043a\u0446\u0438\u044f \u043f\u043e \u043c\u0430\u0448\u0438\u043d\u043d\u043e\u043c\u0443 \u043e\u0431\u0443\u0447\u0435\u043d\u0438\u044e. \u041b\u0435\u043a\u0446\u0438\u044f \u043f\u043e \u043c\u0430\u0448\u0438\u043d\u043d\u043e\u043c\u0443 \u043e\u0431\u0443\u0447\u0435\u043d\u0438\u044e. \u041b\u0435\u043a\u0446\u0438\u044f \u043f\u043e \u043c\u0430\u0448\u0438\u043d\u043d\u043e\u043c\u0443 \u043e\u0431\u0443\u0447\u0435\u043d\u0438\u044e. \u041b\u0435\u043a\u0446\u0438\u044f \u043f\u043e \u043c\u0430\u0448\u0438\u043d\u043d\u043e\u043c\u0443 \u043e\u0431\u0443\u0447\u0435\u043d\u0438\u044e. \u041b\u0435\u043a\u0446\u0438\u044f \u043f\u043e \u043c\u0430\u0448\u0438\u043d\u043d\u043e\u043c\u0443 \u043e\u0431\u0443\u0447\u0435\u043d\u0438\u044e. \u041b\u0435\u043a\u0446\u0438\u044f \u043f\u043e \u043c\u0430\u0448\u0438\u043d\u043d\u043e\u043c\u0443 \u043e\u0431\u0443\u0447\u0435\u043d\u0438\u044e.", "price": "", "target_auditory": "", "format": "lecture", "place": "", "main_image": 1, "lon": null, "lat": null, "partners": [2, 1], "pages": [], "applier_questions": [], "steps": [], "faquestions": []}}, {"model": "goto.block", "pk": 1, "fields": {"event": 1, "title": "\u0414\u043b\u044f \u0443\u0447\u0430\u0441\u0442\u0438\u044f \u0432 \u0445\u0430\u043a\u0430\u0442\u043e\u043d\u0435", "admin_title": "\u0425\u0430\u043a\u0430\u0442\u043e\u043d - \u0447\u0442\u043e \u043d\u0443\u0436\u043d\u043e", "design": "requirements"}}, {"model": "goto.block", "pk": 2, "fields": {"event": 1, "title": "\u0420\u0430\u0441\u043f\u0438\u0441\u0430\u043d\u0438\u0435", "admin_title": "\u0420\u0430\u0441\u043f\u0438\u0441\u0430\u043d\u0438\u0435 \u0445\u0430\u043a\u0430\u0442\u043e\u043d\u0430", "design": "timesheet"}}, {"model": "goto.blockentity", "pk": 1, "fields": {"block": 1, "picture": 1, "title": "\u0423\u0447\u0430\u0441\u0442\u043d\u0438\u043a 16-21 \u0433\u043e\u0434", "description": ""}}, {"model": "goto.arrangement", "pk": 1, "fields": {"event": 1, "begin_date": "2016-08-01", "end_date": "2016-08-08"}}, {"model": "goto.arrangement", "pk": 3, "fields": {"event": 3, "begin_date": "2016-08-14", "end_date": "2016-08-14"}}, {"model": "goto.arrangement", "pk": 4, "fields": {"event": 3, "begin_date": "2016-02-20", "end_date": "2016-02-20"}}, {"model": "goto.arrangement", "pk": 5, "fields": {"event": 4, "begin_date": "2016-08-24", "end_date": "2016-08-25"}}, {"model": "goto.department", "pk": 1, "fields": {"event": 1, "title": "\u041c\u0430\u0448\u0438\u043d\u043d\u043e\u0435 \u043e\u0431\u0443\u0447\u0435\u043d\u0438\u0435", "image": 1, "description": "\u041f\u043e\u0441\u043b\u0435 \u0432\u0432\u043e\u0434\u043d\u044b\u0445 \u043b\u0435\u043a\u0446\u0438\u0439 \u043e\u0431 \u0430\u043a\u0442\u0443\u0430\u043b\u044c\u043d\u043e\u0441\u0442\u0438 \u0438 \u043e\u0431\u043b\u0430\u0441\u0442\u044f\u0445 \u043f\u0440\u0438\u043c\u0435\u043d\u0435\u043d\u0438\u044f \u0430\u043d\u0430\u043b\u0438\u0437\u0430 \u0434\u0430\u043d\u043d\u044b\u0445 \u0443\u0447\u0430\u0441\u0442\u043d\u0438\u043a\u043e\u0432 \u0436\u0434\u0435\u0442 \u043f\u0440\u043e\u0433\u0440\u0430\u043c\u043c\u0430 \u043e\u0431\u0443\u0447\u0435\u043d\u0438\u044f \u0438\u0437 2 \u0431\u043b\u043e\u043a\u043e\u0432:\r\n\r\n\u2013 \u0421\u0435\u0440\u0438\u044f \u043c\u0430\u0441\u0442\u0435\u0440-\u043a\u043b\u0430\u0441\u0441\u043e\u0432, \u043f\u043e\u0441\u0432\u044f\u0449\u0435\u043d\u043d\u044b\u0445 \u043c\u0430\u0448\u0438\u043d\u043d\u043e\u043c\u0443 \u043e\u0431\u0443\u0447\u0435\u043d\u0438\u044e \u0438 \u0430\u043d\u0430\u043b\u0438\u0437\u0443 \u0431\u043e\u043b\u044c\u0448\u0438\u0445 \u0434\u0430\u043d\u043d\u044b\u0445. \u041d\u0430\u0447\u0438\u043d\u0430\u044e\u0449\u0438\u0435 \u043e\u0441\u0432\u043e\u044f\u0442 \u0430\u0437\u044b \u0438 \u0438\u043d\u0441\u0442\u0440\u0443\u043c\u0435\u043d\u0442\u0430\u0440\u0438\u0439, \u043f\u043e\u0441\u043b\u0435 \u0447\u0435\u0433\u043e \u043f\u0440\u0438\u0441\u043e\u0435\u0434\u0438\u043d\u044f\u0442\u0441\u044f \u043a \u043d\u0430\u043f\u0440\u0430\u0432\u043b\u0435\u043d\u0438\u044e \u0431\u043e\u043b\u0435\u0435 \u043e\u043f\u044b\u0442\u043d\u044b\u0445 \u0443\u0447\u0430\u0441\u0442\u043d\u0438\u043a\u043e\u0432, \u043a\u043e\u0442\u043e\u0440\u044b\u0435 \u0441\u0440\u0430\u0437\u0443 \u0437\u0430\u0439\u043c\u0443\u0442\u0441\u044f \u043a\u0435\u0439\u0441\u0430\u043c\u0438 \u043f\u043e \u0440\u0435\u043a\u043e\u043c\u0435\u043d\u0434\u0430\u0442\u0435\u043b\u044c\u043d\u044b\u043c \u0441\u0438\u0441\u0442\u0435\u043c\u0430\u043c \u0438 \u043f\u0435\u0440\u0441\u043e\u043d\u0430\u043b\u0438\u0437\u0430\u0446\u0438\u0438 \u043a\u043e\u043d\u0442\u0435\u043d\u0442\u0430, \u0430 \u0442\u0430\u043a\u0436\u0435 \u0440\u0430\u0437\u0431\u043e\u0440\u043e\u043c \u0437\u0430\u0434\u0430\u0447 \u043e\u0431\u0440\u0430\u0431\u043e\u0442\u043a\u0438 \u0442\u0435\u043a\u0441\u0442\u0430 (NLP).\r\n\r\n\u2013 \u0420\u0435\u0430\u043b\u0438\u0437\u0430\u0446\u0438\u044f \u043f\u0440\u043e\u0435\u043a\u0442\u0430 \u0432 \u043a\u043e\u043c\u0430\u043d\u0434\u0430\u0445 \u043f\u043e\u0434 \u0440\u0443\u043a\u043e\u0432\u043e\u0434\u0441\u0442\u0432\u043e\u043c \u043e\u043f\u044b\u0442\u043d\u043e\u0433\u043e \u043a\u0443\u0440\u0430\u0442\u043e\u0440\u0430. \u041e\u0440\u0433\u0430\u043d\u0438\u0437\u0430\u0442\u043e\u0440\u044b \u0438 \u043f\u0430\u0440\u0442\u043d\u0435\u0440\u044b \u043f\u0440\u0435\u0434\u043b\u043e\u0436\u0430\u0442 \u0440\u044f\u0434 \u0437\u0430\u0434\u0430\u0447 \u043f\u043e \u0441\u043e\u0437\u0434\u0430\u043d\u0438\u044e \u0440\u0435\u043a\u043e\u043c\u0435\u043d\u0434\u0430\u0442\u0435\u043b\u044c\u043d\u044b\u0445 \u0441\u0438\u0441\u0442\u0435\u043c \u0438 \u0440\u0435\u0448\u0435\u043d\u0438\u044e \u0440\u0435\u0430\u043b\u044c\u043d\u044b\u0445 \u0431\u0438\u0437\u043d\u0435\u0441-\u043a\u0435\u0439\u0441\u043e\u0432. \u041f\u043e \u043e\u043a\u043e\u043d\u0447\u0430\u043d\u0438\u044e \u0448\u043a\u043e\u043b\u044b \u043a\u0430\u0436\u0434\u0430\u044f \u043a\u043e\u043c\u0430\u043d\u0434\u0430 \u043f\u0440\u0435\u0437\u0435\u043d\u0442\u0443\u0435\u0442 \u0441\u0432\u043e\u0439 \u043f\u0440\u043e\u0435\u043a\u0442 \u043f\u0435\u0440\u0435\u0434 \u044d\u043a\u0441\u043f\u0435\u0440\u0442\u043d\u044b\u043c \u0436\u044e\u0440\u0438 \u0438 \u043f\u043e\u043b\u0443\u0447\u0438\u0442 \u0440\u0435\u043a\u043e\u043c\u0435\u043d\u0434\u0430\u0446\u0438\u0438. \u041b\u0443\u0447\u0448\u0438\u0435 \u0443\u0447\u0435\u043d\u0438\u043a\u0438 \u043f\u043e\u043b\u0443\u0447\u0430\u0442 \u043f\u0440\u0438\u0433\u043b\u0430\u0448\u0435\u043d\u0438\u044f \u043d\u0430 \u0441\u0442\u0430\u0436\u0438\u0440\u043e\u0432\u043a\u0443 \u0443 \u043f\u0430\u0440\u0442\u043d\u0435\u0440\u043e\u0432 \u0448\u043a\u043e\u043b\u044b."}}, {"model": "goto.department", "pk": 2, "fields": {"event": 1, "title": "\u0410\u043d\u0430\u043b\u0438\u0437 \u0434\u0430\u043d\u043d\u044b\u0445", "image": 1, "description": "\u041d\u0430 \u043d\u0430\u043f\u0440\u0430\u0432\u043b\u0435\u043d\u0438\u0438 \u0431\u0443\u0434\u0443\u0442 \u0441\u043e\u0437\u0434\u0430\u0432\u0430\u0442\u044c\u0441\u044f \u0443\u043c\u043d\u044b\u0435 \u0443\u0441\u0442\u0440\u043e\u0439\u0441\u0442\u0432\u0430, \u043a\u043e\u0442\u043e\u0440\u044b\u0435 \u0432\u0437\u0430\u0438\u043c\u043e\u0434\u0435\u0439\u0441\u0442\u0432\u0443\u044e\u0442 \u0434\u0440\u0443\u0433 \u0441 \u0434\u0440\u0443\u0433\u043e\u043c \u0438 \u0441 \u0432\u043d\u0435\u0448\u043d\u0438\u043c\u0438 \u0438\u043d\u0442\u0435\u0440\u043d\u0435\u0442-\u0440\u0435\u0441\u0443\u0440\u0441\u0430\u043c\u0438, \u0438\u0441\u043f\u043e\u043b\u044c\u0437\u0443\u044f \u0440\u0430\u0437\u043d\u043e\u043e\u0431\u0440\u0430\u0437\u043d\u044b\u0435 \u043a\u0430\u043d\u0430\u043b\u044b \u0441\u0432\u044f\u0437\u0438, \u0432\u043a\u043b\u044e\u0447\u0430\u044f \u0431\u0435\u0441\u043f\u0440\u043e\u0432\u043e\u0434\u043d\u044b\u0435. \u0421\u0435\u0440\u0438\u044f \u043c\u0430\u0441\u0442\u0435\u0440-\u043a\u043b\u0430\u0441\u0441\u043e\u0432 \u043f\u043e\u0437\u0432\u043e\u043b\u0438\u0442 \u0441\u043d\u0430\u0447\u0430\u043b\u0430 \u0440\u0435\u0430\u043b\u0438\u0437\u043e\u0432\u0430\u0442\u044c \u0443\u0447\u0435\u0431\u043d\u044b\u0439 \u043f\u0440\u043e\u0435\u043a\u0442, \u043f\u043e\u0440\u0430\u0431\u043e\u0442\u0430\u0442\u044c \u0441 \u043f\u0435\u0440\u0438\u0444\u0435\u0440\u0438\u0435\u0439 \u0438 \u0432\u043d\u0435\u0448\u043d\u0438\u043c\u0438 \u0434\u0430\u043d\u043d\u044b\u043c\u0438, \u0438\u0445 \u043f\u0435\u0440\u0435\u0434\u0430\u0447\u0435\u0439, \u0445\u0440\u0430\u043d\u0435\u043d\u0438\u0435\u043c \u0438 \u043e\u0431\u0440\u0430\u0431\u043e\u0442\u043a\u043e\u0439, \u0437\u0430\u043d\u044f\u0442\u044c\u0441\u044f \u043f\u0440\u043e\u0435\u043a\u0442\u0438\u0440\u043e\u0432\u0430\u043d\u0438\u0435\u043c \u0438 \u043c\u043e\u0434\u0435\u043b\u0438\u0440\u043e\u0432\u0430\u043d\u0438\u0435\u043c \u0443\u0441\u0442\u0440\u043e\u0439\u0441\u0442\u0432\u0430.\r\n\r\n\u041a \u0443\u0447\u0430\u0441\u0442\u0438\u044e \u043f\u0440\u0438\u0433\u043b\u0430\u0448\u0430\u044e\u0442\u0441\u044f \u0432\u0441\u0435, \u043a\u0442\u043e \u0445\u043e\u0447\u0435\u0442 \u0437\u0430\u043d\u0438\u043c\u0430\u0442\u044c\u0441\u044f \u043f\u0440\u043e\u0435\u043a\u0442\u0438\u0440\u043e\u0432\u0430\u043d\u0438\u0435\u043c \u0443\u0441\u0442\u0440\u043e\u0439\u0441\u0442\u0432 \u0438 \u0438\u0445 \u043f\u0435\u0440\u0438\u0444\u0435\u0440\u0438\u0438, \u0432\u0437\u0430\u0438\u043c\u043e\u0434\u0435\u0439\u0441\u0442\u0432\u0438\u0435\u043c \u0441 \u0431\u0435\u043a\u044d\u043d\u0434\u0430\u043c\u0438 \u0441\u0442\u043e\u0440\u043e\u043d\u043d\u0438\u0445 \u0438 \u0441\u043e\u0431\u0441\u0442\u0432\u0435\u043d\u043d\u044b\u0445 \u0441\u0435\u0440\u0432\u0438\u0441\u043e\u0432, \u043f\u0440\u043e\u0433\u0440\u0430\u043c\u043c\u0438\u0440\u043e\u0432\u0430\u043d\u0438\u0435\u043c \u0441\u0435\u0442\u0435\u0432\u044b\u0445 \u0438 \u043c\u043e\u0431\u0438\u043b\u044c\u043d\u044b\u0445 \u043f\u0440\u0438\u043b\u043e\u0436\u0435\u043d\u0438\u0439, \u043c\u0438\u043a\u0440\u043e\u043a\u043e\u043d\u0442\u0440\u043e\u043b\u043b\u0435\u0440\u0430\u043c\u0438.\r\n\r\n\u041a\u0430\u0436\u0434\u044b\u0439 \u0443\u0447\u0430\u0441\u0442\u043d\u0438\u043a \u043f\u043e\u043b\u0443\u0447\u0438\u0442 \u0432\u043e\u0437\u043c\u043e\u0436\u043d\u043e\u0441\u0442\u044c \u0432\u0441\u0435 \u0441\u0442\u0430\u0434\u0438\u0438 \u0440\u0435\u0430\u043b\u0438\u0437\u0430\u0446\u0438\u0438 \u043f\u0440\u043e\u0435\u043a\u0442\u0430, \u043d\u0430\u0447\u0438\u043d\u0430\u044f \u043e\u0442 \u0440\u0430\u0437\u0432\u0435\u0440\u0442\u044b\u0432\u0430\u043d\u0438\u044f \u043d\u0430 \u0441\u0435\u0440\u0432\u0435\u0440\u0430\u0445 \u0438 \u043f\u0440\u043e\u0435\u043a\u0442\u0438\u0440\u043e\u0432\u0430\u043d\u0438\u044f \u043a\u043e\u0440\u043f\u0443\u0441\u0430, \u0437\u0430\u043a\u0430\u043d\u0447\u0438\u0432\u0430\u044f \u043f\u0440\u0435\u0437\u0435\u043d\u0442\u0430\u0446\u0438\u0435\u0439 \u043f\u043e \u043e\u043a\u043e\u043d\u0447\u0430\u043d\u0438\u044e \u0448\u043a\u043e\u043b\u044b."}}, {"model": "goto.department", "pk": 3, "fields": {"event": 4, "title": "\u041c\u0430\u0448\u0438\u043d\u043d\u043e\u0435 \u043e\u0431\u0443\u0447\u0435\u043d\u0438\u0435", "image": null, "description": "\u0422\u0440\u0435\u0445\u0434\u043d\u0435\u0432\u043d\u043e\u0435 \u043a\u043e\u043c\u0430\u043d\u0434\u043d\u043e\u0435 \u0441\u043e\u0440\u0435\u0432\u043d\u043e\u0432\u0430\u043d\u0438\u0435 \u043f\u043e \u0430\u043d\u0430\u043b\u0438\u0437\u0443 \u043e\u0442\u043a\u0440\u044b\u0442\u044b\u0445 \u0434\u0430\u043d\u043d\u044b\u0445 \u043f\u043e\u043b\u044c\u0437\u043e\u0432\u0430\u0442\u0435\u043b\u0435\u0439 \u0441\u043e\u0446\u0441\u0435\u0442\u0438 \u0412\u041a\u043e\u043d\u0442\u0430\u043a\u0442\u0435 \u0432\u043e\u0437\u0440\u0430\u0441\u0442\u043e\u043c 15-18 \u043b\u0435\u0442. \u041f\u043e \u0438\u0442\u043e\u0433\u0430\u043c \u043a\u0430\u0436\u0434\u0430\u044f \u0438\u0437 \u043a\u043e\u043c\u0430\u043d\u0434 \u043f\u0440\u0435\u0437\u0435\u043d\u0442\u0443\u0435\u0442 \u0440\u0435\u0437\u0443\u043b\u044c\u0442\u0430\u0442\u044b \u043f\u0435\u0440\u0435\u0434 \u0436\u044e\u0440\u0438 \u0434\u043b\u044f \u043e\u043f\u0440\u0435\u0434\u0435\u043b\u0435\u043d\u0438\u044f \u043f\u043e\u0431\u0435\u0434\u0438\u0442\u0435\u043b\u0435\u0439."}}, {"model": "goto.partner", "pk": 1, "fields": {"name": "\u0420\u0430\u043c\u0431\u043b\u0435\u0440", "link": "http://www.rambler.ru/", "image": "partners/croc_u5akg53.png"}}, {"model": "goto.partner", "pk": 2, "fields": {"name": "\u041a\u0440\u043e\u043a", "link": "http://www.croc.ru/", "image": "partners/croc.png"}}, {"model": "goto.step", "pk": 1, "fields": {"title": "\u0428\u043a\u043e\u043b\u044c\u043d\u0438\u043a \u0438\u043b\u0438 \u0441\u0442\u0443\u0434\u0435\u043d\u0442 15-18 \u043b\u0435\u0442", "description": "\u0428\u043a\u043e\u043b\u044c\u043d\u0438\u043a \u0438\u043b\u0438 \u0441\u0442\u0443\u0434\u0435\u043d\u0442 15-18 \u043b\u0435\u0442", "picture": null}}, {"model": "goto.day", "pk": 1, "fields": {"block": 2, "date": "2016-08-09", "content": "\u041f\u0440\u0438\u0432\u0435\u0442\r\n\u041c\u0435\u043d\u044f\r\n\u0417\u043e\u0432\u0443\u0442 \u041e\u043b\u0435\u0433"}}, {"model": "goto.day", "pk": 2, "fields": {"block": 2, "date": "2016-08-28", "content": "\u041f\u0440\u0438\u0432\u0435\u0442\r\n\u041c\u0435\u043d\u044f\r\n\u0417\u043e\u0432\u0443\u0442 \u041e\u043b\u0435\u0433"}}, {"model": "goto.massmediaarticle", "pk": 1, "fields": {"title": "\u0418\u043d\u0442\u0435\u0440\u0432\u044c\u044e \u0440\u0443\u043a\u043e\u0432\u043e\u0434\u0438\u0442\u0435\u043b\u044f \u043d\u0430\u043f\u0440\u0430\u0432\u043b\u0435\u043d\u0438\u044f \u0440\u043e\u0431\u043e\u0442\u043e\u0442\u0435\u0445\u043d\u0438\u043a\u0438 GoTo \u0410\u043b\u0435\u043a\u0441\u0435\u044f \u041f\u0435\u0440\u0435\u043f\u0435\u043b\u043a\u0438\u043d\u0430", "description": "\u041b\u0430\u0433\u0435\u0440\u044c \u0434\u043b\u044f \u0448\u043a\u043e\u043b\u044c\u043d\u0438\u043a\u043e\u0432", "link": "http://edurobots.ru/2015/10/aleksej-perepelkin-intervyu/", "image": "mm-pictures/croc.png"}}, {"model": "auth.user", "pk": 1, "fields": {"password": "pbkdf2_sha256$24000$itm4UavGPjvm$AWrDeGyzUIxcyqrZYevzwIFlrShqHMcKwFjwAc+uo/w=", "last_login": "2016-08-24T14:28:35.854Z", "is_superuser": true, "username": "omrigann@gmail.com", "first_name": "\u041e\u043b\u0435\u0433", "last_name": "\u0412\u0430\u0441\u0438\u043b\u044c\u0435\u0432", "email": "omrigann@gmail.com", "is_staff": true, "is_active": true, "date_joined": "2016-07-09T15:02:25Z", "groups": [], "user_permissions": []}}, {"model": "auth.user", "pk": 3, "fields": {"password": "password", "last_login": null, "is_superuser": false, "username": "ivan", "first_name": "\u0418\u0432\u0430\u043d", "last_name": "\u0411\u0438\u0431\u043b\u043e\u0432", "email": "", "is_staff": false, "is_active": true, "date_joined": "2016-07-15T14:01:01Z", "groups": [], "user_permissions": []}}, {"model": "auth.user", "pk": 4, "fields": {"password": "!gaETX0BP92C0CrovQ82llTQ8YDiL9pTOVXNUCg0V", "last_login": "2016-08-14T16:42:12.012Z", "is_superuser": false, "username": "Gogmig", "first_name": "", "last_name": "", "email": "", "is_staff": false, "is_active": true, "date_joined": "2016-08-14T15:08:45.452Z", "groups": [], "user_permissions": []}}, {"model": "filer.folder", "pk": 1, "fields": {"parent": null, "name": "Samples", "owner": 1, "uploaded_at": "2016-08-14T15:52:07.909Z", "created_at": "2016-08-14T15:52:07.909Z", "modified_at": "2016-08-14T15:52:07.909Z", "lft": 1, "rght": 2, "tree_id": 1, "level": 0}}, {"model": "filer.file", "pk": 1, "fields": {"polymorphic_ctype": 33, "folder": 1, "file": "filer_public/0d/99/0d992b0e-1c3b-4cdb-a794-81334d41e91d/maxresdefault1.jpg", "_file_size": 88066, "sha1": "4df401121e3db39c7aedde15edc3c1abe016161a", "has_all_mandatory_data": false, "original_filename": "maxresdefault1.jpg", "name": "", "description": null, "owner": 1, "uploaded_at": "2016-08-14T15:53:38.634Z", "modified_at": "2016-08-14T15:53:38.634Z", "is_public": true}}, {"model": "filer.clipboard", "pk": 1, "fields": {"user": 1}}, {"model": "filer.image", "pk": 1, "fields": {"_height": 720, "_width": 1280, "default_alt_text": null, "default_caption": null, "subject_location": "", "date_taken": "2016-08-14T15:53:38.539Z", "author": null, "must_always_publish_author_credit": false, "must_always_publish_copyright": false}}, {"model": "goto.gotouser", "pk": 1, "fields": {"gender": "F", "surname": "\u042e\u0440\u044c\u0435\u0432\u0438\u0447", "about": "\u041c\u0435\u043d\u044f \u0437\u043e\u0432\u0443\u0442 \u041e\u043b\u0435\u0433", "profile_picture": "profile_pictures/Selection_001.png", "organization": "\u041d\u0418\u0423 \u0412\u0428\u042d", "email_verified": false, "groups": [], "user_permissions": []}}, {"model": "goto.gotouser", "pk": 3, "fields": {"gender": "M", "surname": "", "about": "", "profile_picture": "profile_pictures/me.JPG", "organization": "GoTo", "email_verified": false, "groups": [], "user_permissions": []}}, {"model": "goto.gotouser", "pk": 4, "fields": {"gender": "N", "surname": "", "about": "", "profile_picture": "no-photo.jpg", "organization": "", "email_verified": false, "groups": [], "user_permissions": []}}, {"model": "goto.participant", "pk": 1, "fields": {"city": "\u041c\u043e\u0441\u043a\u0432\u04301", "citizenship": "\u0420\u043e\u0441\u0441\u0438\u0439\u0441\u043a\u0430\u044f \u0424\u0435\u0434\u0435\u0440\u0430\u0446\u0438\u044f", "birthday": null, "phone_number": "", "parent_phone_number": "", "health_issues": "", "programming_languages": "", "experience": "123", "education_type": "university", "education_name": "\u041d\u0418\u0423 \u0412\u0428\u042d", "education_years": 4, "graduation_year": null, "_subscribed_to_email": true, "groups": [], "user_permissions": []}}, {"model": "goto.participant", "pk": 4, "fields": {"city": "", "citizenship": "\u0420\u043e\u0441\u0441\u0438\u044f", "birthday": null, "phone_number": "", "parent_phone_number": "", "health_issues": "\u041d\u0438\u043a\u0430\u043a\u0438\u0445", "programming_languages": "", "experience": "", "education_type": "school", "education_name": "", "education_years": 11, "graduation_year": null, "_subscribed_to_email": false, "groups": [], "user_permissions": []}}, {"model": "goto.expert", "pk": 3, "fields": {"short_description": "\u041e\u043f\u0438\u0441\u0430\u043d\u0438\u0435 \u0434\u043b\u044f \u0418\u0432\u0430\u043d\u0430. \u041e\u043f\u0438\u0441\u0430\u043d\u0438\u0435 \u0434\u043b\u044f \u0418\u0432\u0430\u043d\u0430. \u041e\u043f\u0438\u0441\u0430\u043d\u0438\u0435 \u0434\u043b\u044f \u0418\u0432\u0430\u043d\u0430. \u041e\u043f\u0438\u0441\u0430\u043d\u0438\u0435 \u0434\u043b\u044f \u0418\u0432\u0430\u043d\u0430. \u041e\u043f\u0438\u0441\u0430\u043d\u0438\u0435 \u0434\u043b\u044f \u0418\u0432\u0430\u043d\u0430. \u041e\u043f\u0438\u0441\u0430\u043d\u0438\u0435 \u0434\u043b\u044f \u0418\u0432\u0430\u043d\u0430. \u041e\u043f\u0438\u0441\u0430\u043d\u0438\u0435 \u0434\u043b\u044f \u0418\u0432\u0430\u043d\u0430. \u041e\u043f\u0438\u0441\u0430\u043d\u0438\u0435 \u0434\u043b\u044f \u0418\u0432\u0430\u043d\u0430. \u041e\u043f\u0438\u0441\u0430\u043d\u0438\u0435 \u0434\u043b\u044f \u0418\u0432\u0430\u043d\u0430.", "position": "\u041f\u0440\u0435\u043f\u043e\u0434\u0430\u0432\u0430\u0442\u0435\u043b\u044c", "verified": false, "groups": [], "user_permissions": []}}, {"model": "goto.faquestion", "pk": 1, "fields": {"question": "\u041a\u0430\u043a \u0434\u0435\u043b\u0430?", "answer": "\u041f\u0440\u0438\u0432\u0435\u0442", "question_author": null}}, {"model": "goto.application", "pk": 1, "fields": {"arrangement": 1, "department": 1, "participant": 1, "status": 0, "date_created": "2016-08-01T08:23:55.260Z", "my_order": 0}}, {"model": "goto.application", "pk": 2, "fields": {"arrangement": 1, "department": 2, "participant": 1, "status": 0, "date_created": "2016-08-14T15:46:06.891Z", "my_order": 0}}, {"model": "goto.application", "pk": 3, "fields": {"arrangement": 1, "department": 2, "participant": 1, "status": 0, "date_created": "2016-08-14T15:46:54.746Z", "my_order": 0}}, {"model": "goto.application", "pk": 4, "fields": {"arrangement": 1, "department": 2, "participant": 1, "status": 0, "date_created": "2016-08-14T15:47:34.280Z", "my_order": 0}}, {"model": "goto.application", "pk": 5, "fields": {"arrangement": 1, "department": 2, "participant": 1, "status": 3, "date_created": "2016-08-14T15:48:21.340Z", "my_order": 0}}, {"model": "goto.application", "pk": 6, "fields": {"arrangement": 1, "department": 2, "participant": 1, "status": 3, "date_created": "2016-08-14T17:07:15.556Z", "my_order": 0}}, {"model": "goto.application", "pk": 7, "fields": {"arrangement": 1, "department": 2, "participant": 1, "status": 3, "date_created": "2016-08-16T14:55:11.493Z", "my_order": 0}}, {"model": "goto.application", "pk": 8, "fields": {"arrangement": 1, "department": 2, "participant": 1, "status": 4, "date_created": "2016-08-16T14:56:43.861Z", "my_order": 0}}, {"model": "goto.experting", "pk": 2, "fields": {"arrangement": 1, "expert": 3, "status": 1}}, {"model": "goto.experting", "pk": 3, "fields": {"arrangement": 3, "expert": 3, "status": 1}}, {"model": "goto.project", "pk": 1, "fields": {"title": "\u0418\u043d\u0442\u0435\u0440\u0432\u044c\u044e \u0440\u0443\u043a\u043e\u0432\u043e\u0434\u0438\u0442\u0435\u043b\u044f \u043d\u0430\u043f\u0440\u0430\u0432\u043b\u0435\u043d\u0438\u044f \u0440\u043e\u0431\u043e\u0442\u043e\u0442\u0435\u0445\u043d\u0438\u043a\u0438 GoTo \u0410\u043b\u0435\u043a\u0441\u0435\u044f \u041f\u0435\u0440\u0435\u043f\u0435\u043b\u043a\u0438\u043d\u0430", "description": "\u0418\u043d\u0442\u0435\u0440\u0432\u044c\u044e \u0440\u0443\u043a\u043e\u0432\u043e\u0434\u0438\u0442\u0435\u043b\u044f \u043d\u0430\u043f\u0440\u0430\u0432\u043b\u0435\u043d\u0438\u044f \u0440\u043e\u0431\u043e\u0442\u043e\u0442\u0435\u0445\u043d\u0438\u043a\u0438 GoTo \u0410\u043b\u0435\u043a\u0441\u0435\u044f \u041f\u0435\u0440\u0435\u043f\u0435\u043b\u043a\u0438\u043d\u0430", "link": "http://edurobots.ru/2015/10/aleksej-perepelkin-intervyu/", "supervisor": 3, "arrangement": 1, "pricture": "", "maintainers": [1]}}, {"model": "goto.settings", "pk": 1, "fields": {"current_left_school": 1, "current_right_school": 1, "current_hackathon": 1, "index_partners": [2], "about_us_partners": [2, 1], "about_us_team": [3]}}]