[{"model": "contenttypes.contenttype", "pk": 1, "fields": {"app_label": "admin", "model": "logentry"}}, {"model": "contenttypes.contenttype", "pk": 2, "fields": {"app_label": "auth", "model": "permission"}}, {"model": "contenttypes.contenttype", "pk": 3, "fields": {"app_label": "auth", "model": "group"}}, {"model": "contenttypes.contenttype", "pk": 4, "fields": {"app_label": "auth", "model": "user"}}, {"model": "contenttypes.contenttype", "pk": 5, "fields": {"app_label": "contenttypes", "model": "contenttype"}}, {"model": "contenttypes.contenttype", "pk": 6, "fields": {"app_label": "sessions", "model": "session"}}, {"model": "contenttypes.contenttype", "pk": 7, "fields": {"app_label": "goto", "model": "gotouser"}}, {"model": "contenttypes.contenttype", "pk": 8, "fields": {"app_label": "goto", "model": "participant"}}, {"model": "contenttypes.contenttype", "pk": 9, "fields": {"app_label": "goto", "model": "expert"}}, {"model": "contenttypes.contenttype", "pk": 10, "fields": {"app_label": "goto", "model": "faquestion"}}, {"model": "contenttypes.contenttype", "pk": 11, "fields": {"app_label": "goto", "model": "page"}}, {"model": "contenttypes.contenttype", "pk": 12, "fields": {"app_label": "goto", "model": "event"}}, {"model": "contenttypes.contenttype", "pk": 13, "fields": {"app_label": "goto", "model": "arrangement"}}, {"model": "contenttypes.contenttype", "pk": 14, "fields": {"app_label": "goto", "model": "department"}}, {"model": "contenttypes.contenttype", "pk": 15, "fields": {"app_label": "goto", "model": "application"}}, {"model": "contenttypes.contenttype", "pk": 16, "fields": {"app_label": "goto", "model": "experting"}}, {"model": "contenttypes.contenttype", "pk": 17, "fields": {"app_label": "goto", "model": "question"}}, {"model": "contenttypes.contenttype", "pk": 18, "fields": {"app_label": "goto", "model": "answer"}}, {"model": "contenttypes.contenttype", "pk": 19, "fields": {"app_label": "goto", "model": "project"}}, {"model": "contenttypes.contenttype", "pk": 20, "fields": {"app_label": "goto", "model": "participantcomment"}}, {"model": "contenttypes.contenttype", "pk": 21, "fields": {"app_label": "goto", "model": "projectcomment"}}, {"model": "contenttypes.contenttype", "pk": 22, "fields": {"app_label": "goto", "model": "assignment"}}, {"model": "contenttypes.contenttype", "pk": 23, "fields": {"app_label": "goto", "model": "solution"}}, {"model": "contenttypes.contenttype", "pk": 24, "fields": {"app_label": "goto", "model": "subscriber"}}, {"model": "contenttypes.contenttype", "pk": 25, "fields": {"app_label": "goto", "model": "partner"}}, {"model": "contenttypes.contenttype", "pk": 26, "fields": {"app_label": "goto", "model": "settings"}}, {"model": "contenttypes.contenttype", "pk": 27, "fields": {"app_label": "goto", "model": "massmediaarticle"}}, {"model": "contenttypes.contenttype", "pk": 28, "fields": {"app_label": "filer", "model": "folder"}}, {"model": "contenttypes.contenttype", "pk": 29, "fields": {"app_label": "filer", "model": "folderpermission"}}, {"model": "contenttypes.contenttype", "pk": 30, "fields": {"app_label": "filer", "model": "file"}}, {"model": "contenttypes.contenttype", "pk": 31, "fields": {"app_label": "filer", "model": "clipboard"}}, {"model": "contenttypes.contenttype", "pk": 32, "fields": {"app_label": "filer", "model": "clipboarditem"}}, {"model": "contenttypes.contenttype", "pk": 33, "fields": {"app_label": "filer", "model": "image"}}, {"model": "contenttypes.contenttype", "pk": 34, "fields": {"app_label": "filer", "model": "thumbnailoption"}}, {"model": "contenttypes.contenttype", "pk": 35, "fields": {"app_label": "easy_thumbnails", "model": "source"}}, {"model": "contenttypes.contenttype", "pk": 36, "fields": {"app_label": "easy_thumbnails", "model": "thumbnail"}}, {"model": "contenttypes.contenttype", "pk": 37, "fields": {"app_label": "easy_thumbnails", "model": "thumbnaildimensions"}}, {"model": "contenttypes.contenttype", "pk": 38, "fields": {"app_label": "social_auth", "model": "usersocialauth"}}, {"model": "contenttypes.contenttype", "pk": 39, "fields": {"app_label": "social_auth", "model": "nonce"}}, {"model": "contenttypes.contenttype", "pk": 40, "fields": {"app_label": "social_auth", "model": "association"}}, {"model": "contenttypes.contenttype", "pk": 41, "fields": {"app_label": "social_auth", "model": "code"}}, {"model": "contenttypes.contenttype", "pk": 42, "fields": {"app_label": "goto", "model": "step"}}, {"model": "contenttypes.contenttype", "pk": 43, "fields": {"app_label": "goto", "model": "day"}}, {"model": "contenttypes.contenttype", "pk": 44, "fields": {"app_label": "goto", "model": "block"}}, {"model": "contenttypes.contenttype", "pk": 45, "fields": {"app_label": "goto", "model": "blockentity"}}, {"model": "sessions.session", "pk": "2peb80f9ujj6wk339tumr2qx1gsqikx6", "fields": {"session_data": "MzNhM2YzMTVlMzg0YzU2YTcyOTQ5MGM2MTdkZmRhZjJmNTg0YWZkNzp7Il9hdXRoX3VzZXJfaGFzaCI6IjY5ZjI3MTVmMTM4MDU4NTAzYTM5MTA3NzkxMmFmZTNiM2JkZWNiY2IiLCJfYXV0aF91c2VyX2JhY2tlbmQiOiJkamFuZ28uY29udHJpYi5hdXRoLmJhY2tlbmRzLk1vZGVsQmFja2VuZCIsIl9hdXRoX3VzZXJfaWQiOiIxIn0=", "expire_date": "2016-09-07T17:50:33.660Z"}}, {"model": "sessions.session", "pk": "roqdefgqipiu8jsmyaolocm1hxva6gkd", "fields": {"session_data": "Njc2Y2MwOTVkZTI1NDg0ZTAzYWVhNjY3NGRkZjBkMWMwOGI2ZjkwNTp7Il9hdXRoX3VzZXJfaGFzaCI6IjY5ZjI3MTVmMTM4MDU4NTAzYTM5MTA3NzkxMmFmZTNiM2JkZWNiY2IiLCJfYXV0aF91c2VyX2lkIjoiMSIsIl9hdXRoX3VzZXJfYmFja2VuZCI6ImRqYW5nby5jb250cmliLmF1dGguYmFja2VuZHMuTW9kZWxCYWNrZW5kIiwiZmlsZXJfbGFzdF9mb2xkZXJfaWQiOiIxIn0=", "expire_date": "2016-09-11T18:44:46.172Z"}}, {"model": "sessions.session", "pk": "y4b5n8xf17qwcadkt3diihe2ya2xul8x", "fields": {"session_data": "ZTdlZDVjZGIyOTkyMjgwMjc3YTFkZjI1N2I4NjVmMzZlZTFhYTliNjp7Il9hdXRoX3VzZXJfaWQiOiIxIiwiX2F1dGhfdXNlcl9iYWNrZW5kIjoiZGphbmdvLmNvbnRyaWIuYXV0aC5iYWNrZW5kcy5Nb2RlbEJhY2tlbmQiLCJfYXV0aF91c2VyX2hhc2giOiI2OWYyNzE1ZjEzODA1ODUwM2EzOTEwNzc5MTJhZmUzYjNiZGVjYmNiIn0=", "expire_date": "2016-08-31T12:59:06.490Z"}}, {"model": "sessions.session", "pk": "ysvt46wfd9t6hsykfzpveh6atniuzvbk", "fields": {"session_data": "MzNhM2YzMTVlMzg0YzU2YTcyOTQ5MGM2MTdkZmRhZjJmNTg0YWZkNzp7Il9hdXRoX3VzZXJfaGFzaCI6IjY5ZjI3MTVmMTM4MDU4NTAzYTM5MTA3NzkxMmFmZTNiM2JkZWNiY2IiLCJfYXV0aF91c2VyX2JhY2tlbmQiOiJkamFuZ28uY29udHJpYi5hdXRoLmJhY2tlbmRzLk1vZGVsQmFja2VuZCIsIl9hdXRoX3VzZXJfaWQiOiIxIn0=", "expire_date": "2016-09-07T12:45:38.927Z"}}, {"model": "goto.event", "pk": 1, "fields": {"name": "\u0413\u043e\u0440\u043e\u0434\u0441\u043a\u0430\u044f \u0448\u043a\u043e\u043b\u0430 GoTo", "slug": "city-school", "short_description": "\u0413\u043e\u0440\u043e\u0434\u0441\u043a\u0430\u044f \u0448\u043a\u043e\u043b\u0430 \u043f\u043e ML \u0438 IoT", "full_description": "\u0412\u043e\u0441\u044c\u043c\u0438\u0434\u043d\u0435\u0432\u043d\u0430\u044f \u043f\u0440\u043e\u0435\u043a\u0442\u043d\u0430\u044f \u0448\u043a\u043e\u043b\u0430 \u043f\u043e \u043c\u0430\u0448\u0438\u043d\u043d\u043e\u043c\u0443 \u043e\u0431\u0443\u0447\u0435\u043d\u0438\u044e, \u0430\u043d\u0430\u043b\u0438\u0437\u0443 \u0434\u0430\u043d\u043d\u044b\u0445 \u0438 \u0438\u043d\u0442\u0435\u0440\u043d\u0435\u0442\u0443 \u0432\u0435\u0449\u0435\u0439.\r\n\r\n\u041f\u0440\u043e\u0433\u0440\u0430\u043c\u043c\u0430 \u0441\u043e\u0441\u0442\u043e\u0438\u0442 \u0438\u0437 \u0434\u0432\u0443\u0445 \u0431\u043b\u043e\u043a\u043e\u0432: \u043e\u0431\u0443\u0447\u0430\u044e\u0449\u0435\u0433\u043e \u0438\u043d\u0442\u0435\u043d\u0441\u0438\u0432\u0430 \u0441 \u0440\u0430\u0437\u0431\u043e\u0440\u043e\u043c \u043a\u0435\u0439\u0441\u043e\u0432 \u043e\u0442 \u0432\u0435\u0434\u0443\u0449\u0438\u0445 \u0441\u043f\u0435\u0446\u0438\u0430\u043b\u0438\u0441\u0442\u043e\u0432 \u043e\u0442\u0440\u0430\u0441\u043b\u0438 \u0438 \u0440\u0430\u0431\u043e\u0442\u044b \u0432 \u043a\u043e\u043c\u0430\u043d\u0434\u0430\u0445 \u043d\u0430\u0434 \u043f\u0440\u043e\u0435\u043a\u0442\u043e\u043c \u0441 \u043e\u043f\u044b\u0442\u043d\u044b\u043c \u043a\u0443\u0440\u0430\u0442\u043e\u0440\u043e\u043c.\r\n\r\n\u0414\u043b\u044f \u0443\u0447\u0430\u0441\u0442\u0438\u044f \u043d\u0435\u043e\u0431\u0445\u043e\u0434\u0438\u043c\u043e \u043f\u0440\u043e\u0439\u0442\u0438 \u043e\u0442\u0431\u043e\u0440, \u0447\u0430\u0441\u0442\u044c \u0443\u0447\u0430\u0441\u0442\u043d\u0438\u043a\u043e\u0432 \u043f\u043e\u043b\u0443\u0447\u0438\u0442 \u0433\u0440\u0430\u043d\u0442\u044b \u043d\u0430 \u0431\u0435\u0441\u043f\u043b\u0430\u0442\u043d\u043e\u0435 \u043e\u0431\u0443\u0447\u0435\u043d\u0438\u0435 \u0438 \u0441\u043a\u0438\u0434\u043a\u0438. \u0420\u0435\u0437\u0443\u043b\u044c\u0442\u0430\u0442 \u043e\u0442\u0431\u043e\u0440\u0430 \u0431\u0443\u0434\u0435\u0442 \u043e\u0431\u044a\u044f\u0432\u043b\u0435\u043d \u0432 \u0442\u0435\u0447\u0435\u043d\u0438\u0435 \u043d\u0435\u0434\u0435\u043b\u0438 \u043f\u043e\u0441\u043b\u0435 \u0441\u0434\u0430\u0447\u0438 \u0437\u0430\u0434\u0430\u043d\u0438\u044f, \u043e\u0431\u043b\u0430\u0434\u0430\u0442\u0435\u043b\u0438 \u0433\u0440\u0430\u043d\u0442\u043e\u0432 \u043d\u0430 \u0441\u043a\u0438\u0434\u043a\u0443 \u0438\u043b\u0438 \u0431\u0435\u0441\u043f\u043b\u0430\u0442\u043d\u043e\u0435 \u0443\u0447\u0430\u0441\u0442\u0438\u0435 \u2013 27 \u0438\u044e\u043b\u044f.\r\n\r\n\u041f\u043e \u0438\u0442\u043e\u0433\u0430\u043c \u043e\u0442\u0431\u043e\u0440\u0430 \u0441\u0444\u043e\u0440\u043c\u0438\u0440\u0443\u0435\u0442\u0441\u044f 2 \u043f\u043e\u0442\u043e\u043a\u0430: \u0434\u043b\u044f \u043d\u0430\u0447\u0438\u043d\u0430\u044e\u0449\u0438\u0445 \u0438 \u0431\u043e\u043b\u0435\u0435 \u043e\u043f\u044b\u0442\u043d\u044b\u0445 \u0443\u0447\u0430\u0441\u0442\u043d\u0438\u043a\u043e\u0432. \u041d\u0430\u0447\u0438\u043d\u0430\u044e\u0449\u0438\u0445 \u0436\u0434\u0435\u0442 \u0441\u0435\u0440\u0438\u044f \u0432\u0432\u043e\u0434\u043d\u044b\u0445 \u043c\u0430\u0441\u0442\u0435\u0440-\u043a\u043b\u0430\u0441\u0441\u043e\u0432, \u043f\u043e\u0441\u043b\u0435 \u043a\u043e\u0442\u043e\u0440\u044b\u0445 \u043e\u043d\u0438 \u0441\u043c\u043e\u0433\u0443\u0442 \u043f\u0440\u0438\u0441\u043e\u0435\u0434\u0438\u043d\u0438\u0442\u044c\u0441\u044f \u043a \u0433\u0440\u0443\u043f\u043f\u0435 \u043e\u043f\u044b\u0442\u043d\u044b\u0445 \u0443\u0447\u0430\u0441\u0442\u043d\u0438\u043a\u043e\u0432, \u043a\u043e\u0442\u043e\u0440\u0430\u044f \u0441\u0440\u0430\u0437\u0443 \u043f\u043e\u0433\u0440\u0443\u0437\u0438\u0442\u0441\u044f \u0432 \u0440\u0430\u0431\u043e\u0442\u0443 \u043d\u0430\u0434 \u043a\u0435\u0439\u0441\u0430\u043c\u0438 \u0432\u044b\u0431\u0440\u0430\u043d\u043d\u043e\u0439 \u043f\u0440\u0438\u043a\u043b\u0430\u0434\u043d\u043e\u0439 \u043e\u0431\u043b\u0430\u0441\u0442\u0438.", "price": "16 000 \u0440\u0443\u0431\u043b\u0435\u0439 \u0413\u0440\u0430\u043d\u0442\u044b \u0434\u043b\u044f \u0430\u0432\u0442\u043e\u0440\u043e\u0432 \u043b\u0443\u0447\u0448\u0438\u0445 \u0440\u0435\u0448\u0435\u043d\u0438\u0439 \u043e\u0442\u0431\u043e\u0440\u043e\u0447\u043d\u043e\u0433\u043e \u0437\u0430\u0434\u0430\u043d\u0438\u044f.", "target_auditory": "\u0428\u043a\u043e\u043b\u044c\u043d\u0438\u043a\u0438, \u0441\u0442\u0443\u0434\u0435\u043d\u0442\u044b \u0438 \u043c\u043e\u043b\u043e\u0434\u044b\u0435 \u0441\u043f\u0435\u0446\u0438\u0430\u043b\u0438\u0441\u0442\u044b \u0432\u043e\u0437\u0440\u0430\u0441\u0442\u043e\u043c \u0434\u043e 22 \u043b\u0435\u0442 \u0441\u043e \u0432\u0441\u0435\u0439 \u0420\u043e\u0441\u0441\u0438\u0438", "format": "school", "place": "\u0424\u041a\u041d \u041d\u0418\u0423 \u0412\u0428\u042d \u041c\u043e\u0441\u043a\u0432\u0430, \u041a\u043e\u0447\u043d\u043e\u0432\u0441\u043a\u0438\u0439 \u043f\u0440-\u0434, 3", "main_image": 1, "lon": null, "lat": null, "partners": [2, 1], "pages": [], "applier_questions": [], "steps": [1], "faquestions": []}}, {"model": "goto.event", "pk": 3, "fields": {"name": "\u041b\u0435\u043a\u0446\u0438\u044f \u043f\u043e \u043c\u0430\u0448\u0438\u043d\u043d\u043e\u043c\u0443 \u043e\u0431\u0443\u0447\u0435\u043d\u0438\u044e", "slug": "lecture-ml", "short_description": "\u041b\u0435\u043a\u0446\u0438\u044f \u043f\u043e \u043c\u0430\u0448\u0438\u043d\u043d\u043e\u043c\u0443 \u043e\u0431\u0443\u0447\u0435\u043d\u0438\u044e", "full_description": "\u041b\u0435\u043a\u0446\u0438\u044f \u043f\u043e \u043c\u0430\u0448\u0438\u043d\u043d\u043e\u043c\u0443 \u043e\u0431\u0443\u0447\u0435\u043d\u0438\u044e. \u041b\u0435\u043a\u0446\u0438\u044f \u043f\u043e \u043c\u0430\u0448\u0438\u043d\u043d\u043e\u043c\u0443 \u043e\u0431\u0443\u0447\u0435\u043d\u0438\u044e. \u041b\u0435\u043a\u0446\u0438\u044f \u043f\u043e \u043c\u0430\u0448\u0438\u043d\u043d\u043e\u043c\u0443 \u043e\u0431\u0443\u0447\u0435\u043d\u0438\u044e. \u041b\u0435\u043a\u0446\u0438\u044f \u043f\u043e \u043c\u0430\u0448\u0438\u043d\u043d\u043e\u043c\u0443 \u043e\u0431\u0443\u0447\u0435\u043d\u0438\u044e. \u041b\u0435\u043a\u0446\u0438\u044f \u043f\u043e \u043c\u0430\u0448\u0438\u043d\u043d\u043e\u043c\u0443 \u043e\u0431\u0443\u0447\u0435\u043d\u0438\u044e. \u041b\u0435\u043a\u0446\u0438\u044f \u043f\u043e \u043c\u0430\u0448\u0438\u043d\u043d\u043e\u043c\u0443 \u043e\u0431\u0443\u0447\u0435\u043d\u0438\u044e. \u041b\u0435\u043a\u0446\u0438\u044f \u043f\u043e \u043c\u0430\u0448\u0438\u043d\u043d\u043e\u043c\u0443 \u043e\u0431\u0443\u0447\u0435\u043d\u0438\u044e. \u041b\u0435\u043a\u0446\u0438\u044f \u043f\u043e \u043c\u0430\u0448\u0438\u043d\u043d\u043e\u043c\u0443 \u043e\u0431\u0443\u0447\u0435\u043d\u0438\u044e. \u041b\u0435\u043a\u0446\u0438\u044f \u043f\u043e \u043c\u0430\u0448\u0438\u043d\u043d\u043e\u043c\u0443 \u043e\u0431\u0443\u0447\u0435\u043d\u0438\u044e. \u041b\u0435\u043a\u0446\u0438\u044f \u043f\u043e \u043c\u0430\u0448\u0438\u043d\u043d\u043e\u043c\u0443 \u043e\u0431\u0443\u0447\u0435\u043d\u0438\u044e. \u041b\u0435\u043a\u0446\u0438\u044f \u043f\u043e \u043c\u0430\u0448\u0438\u043d\u043d\u043e\u043c\u0443 \u043e\u0431\u0443\u0447\u0435\u043d\u0438\u044e. \u041b\u0435\u043a\u0446\u0438\u044f \u043f\u043e \u043c\u0430\u0448\u0438\u043d\u043d\u043e\u043c\u0443 \u043e\u0431\u0443\u0447\u0435\u043d\u0438\u044e. \u041b\u0435\u043a\u0446\u0438\u044f \u043f\u043e \u043c\u0430\u0448\u0438\u043d\u043d\u043e\u043c\u0443 \u043e\u0431\u0443\u0447\u0435\u043d\u0438\u044e. \u041b\u0435\u043a\u0446\u0438\u044f \u043f\u043e \u043c\u0430\u0448\u0438\u043d\u043d\u043e\u043c\u0443 \u043e\u0431\u0443\u0447\u0435\u043d\u0438\u044e. \u041b\u0435\u043a\u0446\u0438\u044f \u043f\u043e \u043c\u0430\u0448\u0438\u043d\u043d\u043e\u043c\u0443 \u043e\u0431\u0443\u0447\u0435\u043d\u0438\u044e. \u041b\u0435\u043a\u0446\u0438\u044f \u043f\u043e \u043c\u0430\u0448\u0438\u043d\u043d\u043e\u043c\u0443 \u043e\u0431\u0443\u0447\u0435\u043d\u0438\u044e.", "price": "", "target_auditory": "", "format": "lecture", "place": "", "main_image": 1, "lon": null, "lat": null, "partners": [1], "pages": [], "applier_questions": [], "steps": [], "faquestions": []}}, {"model": "goto.event", "pk": 4, "fields": {"name": "\u041b\u0435\u043a\u0446\u0438\u044f \u043f\u043e \u043c\u0430\u0448\u0438\u043d\u043d\u043e\u043c\u0443 \u043e\u0431\u0443\u0447\u0435\u043d\u0438\u044e", "slug": "lecture-ml-2", "short_description": "\u041b\u0435\u043a\u0446\u0438\u044f \u043f\u043e \u043c\u0430\u0448\u0438\u043d\u043d\u043e\u043c\u0443 \u043e\u0431\u0443\u0447\u0435\u043d\u0438\u044e", "full_description": "\u041b\u0435\u043a\u0446\u0438\u044f \u043f\u043e \u043c\u0430\u0448\u0438\u043d\u043d\u043e\u043c\u0443 \u043e\u0431\u0443\u0447\u0435\u043d\u0438\u044e. \u041b\u0435\u043a\u0446\u0438\u044f \u043f\u043e \u043c\u0430\u0448\u0438\u043d\u043d\u043e\u043c\u0443 \u043e\u0431\u0443\u0447\u0435\u043d\u0438\u044e. \u041b\u0435\u043a\u0446\u0438\u044f \u043f\u043e \u043c\u0430\u0448\u0438\u043d\u043d\u043e\u043c\u0443 \u043e\u0431\u0443\u0447\u0435\u043d\u0438\u044e. \u041b\u0435\u043a\u0446\u0438\u044f \u043f\u043e \u043c\u0430\u0448\u0438\u043d\u043d\u043e\u043c\u0443 \u043e\u0431\u0443\u0447\u0435\u043d\u0438\u044e. \u041b\u0435\u043a\u0446\u0438\u044f \u043f\u043e \u043c\u0430\u0448\u0438\u043d\u043d\u043e\u043c\u0443 \u043e\u0431\u0443\u0447\u0435\u043d\u0438\u044e. \u041b\u0435\u043a\u0446\u0438\u044f \u043f\u043e \u043c\u0430\u0448\u0438\u043d\u043d\u043e\u043c\u0443 \u043e\u0431\u0443\u0447\u0435\u043d\u0438\u044e. \u041b\u0435\u043a\u0446\u0438\u044f \u043f\u043e \u043c\u0430\u0448\u0438\u043d\u043d\u043e\u043c\u0443 \u043e\u0431\u0443\u0447\u0435\u043d\u0438\u044e. \u041b\u0435\u043a\u0446\u0438\u044f \u043f\u043e \u043c\u0430\u0448\u0438\u043d\u043d\u043e\u043c\u0443 \u043e\u0431\u0443\u0447\u0435\u043d\u0438\u044e. \u041b\u0435\u043a\u0446\u0438\u044f \u043f\u043e \u043c\u0430\u0448\u0438\u043d\u043d\u043e\u043c\u0443 \u043e\u0431\u0443\u0447\u0435\u043d\u0438\u044e.", "price": "", "target_auditory": "", "format": "lecture", "place": "", "main_image": 1, "lon": null, "lat": null, "partners": [2, 1], "pages": [], "applier_questions": [], "steps": [], "faquestions": []}}, {"model": "goto.block", "pk": 1, "fields": {"event": 1, "title": "\u0414\u043b\u044f \u0443\u0447\u0430\u0441\u0442\u0438\u044f \u0432 \u0445\u0430\u043a\u0430\u0442\u043e\u043d\u0435", "admin_title": "\u0425\u0430\u043a\u0430\u0442\u043e\u043d - \u0447\u0442\u043e \u043d\u0443\u0436\u043d\u043e", "design": "requirements"}}, {"model": "goto.block", "pk": 2, "fields": {"event": 1, "title": "\u0420\u0430\u0441\u043f\u0438\u0441\u0430\u043d\u0438\u0435", "admin_title": "\u0420\u0430\u0441\u043f\u0438\u0441\u0430\u043d\u0438\u0435 \u0445\u0430\u043a\u0430\u0442\u043e\u043d\u0430", "design": "timesheet"}}, {"model": "goto.blockentity", "pk": 1, "fields": {"block": 1, "picture": 1, "title": "\u0423\u0447\u0430\u0441\u0442\u043d\u0438\u043a 16-21 \u0433\u043e\u0434", "description": ""}}, {"model": "goto.arrangement", "pk": 1, "fields": {"event": 1, "begin_date": "2016-08-01", "end_date": "2016-08-08"}}, {"model": "goto.arrangement", "pk": 3, "fields": {"event": 3, "begin_date": "2016-08-14", "end_date": "2016-08-14"}}, {"model": "goto.arrangement", "pk": 4, "fields": {"event": 3, "begin_date": "2016-02-20", "end_date": "2016-02-20"}}, {"model": "goto.arrangement", "pk": 5, "fields": {"event": 4, "begin_date": "2016-08-24", "end_date": "2016-08-25"}}, {"model": "goto.department", "pk": 1, "fields": {"event": 1, "title": "\u041c\u0430\u0448\u0438\u043d\u043d\u043e\u0435 \u043e\u0431\u0443\u0447\u0435\u043d\u0438\u0435", "image": 1, "description": "\u041f\u043e\u0441\u043b\u0435 \u0432\u0432\u043e\u0434\u043d\u044b\u0445 \u043b\u0435\u043a\u0446\u0438\u0439 \u043e\u0431 \u0430\u043a\u0442\u0443\u0430\u043b\u044c\u043d\u043e\u0441\u0442\u0438 \u0438 \u043e\u0431\u043b\u0430\u0441\u0442\u044f\u0445 \u043f\u0440\u0438\u043c\u0435\u043d\u0435\u043d\u0438\u044f \u0430\u043d\u0430\u043b\u0438\u0437\u0430 \u0434\u0430\u043d\u043d\u044b\u0445 \u0443\u0447\u0430\u0441\u0442\u043d\u0438\u043a\u043e\u0432 \u0436\u0434\u0435\u0442 \u043f\u0440\u043e\u0433\u0440\u0430\u043c\u043c\u0430 \u043e\u0431\u0443\u0447\u0435\u043d\u0438\u044f \u0438\u0437 2 \u0431\u043b\u043e\u043a\u043e\u0432:\r\n\r\n\u2013 \u0421\u0435\u0440\u0438\u044f \u043c\u0430\u0441\u0442\u0435\u0440-\u043a\u043b\u0430\u0441\u0441\u043e\u0432, \u043f\u043e\u0441\u0432\u044f\u0449\u0435\u043d\u043d\u044b\u0445 \u043c\u0430\u0448\u0438\u043d\u043d\u043e\u043c\u0443 \u043e\u0431\u0443\u0447\u0435\u043d\u0438\u044e \u0438 \u0430\u043d\u0430\u043b\u0438\u0437\u0443 \u0431\u043e\u043b\u044c\u0448\u0438\u0445 \u0434\u0430\u043d\u043d\u044b\u0445. \u041d\u0430\u0447\u0438\u043d\u0430\u044e\u0449\u0438\u0435 \u043e\u0441\u0432\u043e\u044f\u0442 \u0430\u0437\u044b \u0438 \u0438\u043d\u0441\u0442\u0440\u0443\u043c\u0435\u043d\u0442\u0430\u0440\u0438\u0439, \u043f\u043e\u0441\u043b\u0435 \u0447\u0435\u0433\u043e \u043f\u0440\u0438\u0441\u043e\u0435\u0434\u0438\u043d\u044f\u0442\u0441\u044f \u043a \u043d\u0430\u043f\u0440\u0430\u0432\u043b\u0435\u043d\u0438\u044e \u0431\u043e\u043b\u0435\u0435 \u043e\u043f\u044b\u0442\u043d\u044b\u0445 \u0443\u0447\u0430\u0441\u0442\u043d\u0438\u043a\u043e\u0432, \u043a\u043e\u0442\u043e\u0440\u044b\u0435 \u0441\u0440\u0430\u0437\u0443 \u0437\u0430\u0439\u043c\u0443\u0442\u0441\u044f \u043a\u0435\u0439\u0441\u0430\u043c\u0438 \u043f\u043e \u0440\u0435\u043a\u043e\u043c\u0435\u043d\u0434\u0430\u0442\u0435\u043b\u044c\u043d\u044b\u043c \u0441\u0438\u0441\u0442\u0435\u043c\u0430\u043c \u0438 \u043f\u0435\u0440\u0441\u043e\u043d\u0430\u043b\u0438\u0437\u0430\u0446\u0438\u0438 \u043a\u043e\u043d\u0442\u0435\u043d\u0442\u0430, \u0430 \u0442\u0430\u043a\u0436\u0435 \u0440\u0430\u0437\u0431\u043e\u0440\u043e\u043c \u0437\u0430\u0434\u0430\u0447 \u043e\u0431\u0440\u0430\u0431\u043e\u0442\u043a\u0438 \u0442\u0435\u043a\u0441\u0442\u0430 (NLP).\r\n\r\n\u2013 \u0420\u0435\u0430\u043b\u0438\u0437\u0430\u0446\u0438\u044f \u043f\u0440\u043e\u0435\u043a\u0442\u0430 \u0432 \u043a\u043e\u043c\u0430\u043d\u0434\u0430\u0445 \u043f\u043e\u0434 \u0440\u0443\u043a\u043e\u0432\u043e\u0434\u0441\u0442\u0432\u043e\u043c \u043e\u043f\u044b\u0442\u043d\u043e\u0433\u043e \u043a\u0443\u0440\u0430\u0442\u043e\u0440\u0430. \u041e\u0440\u0433\u0430\u043d\u0438\u0437\u0430\u0442\u043e\u0440\u044b \u0438 \u043f\u0430\u0440\u0442\u043d\u0435\u0440\u044b \u043f\u0440\u0435\u0434\u043b\u043e\u0436\u0430\u0442 \u0440\u044f\u0434 \u0437\u0430\u0434\u0430\u0447 \u043f\u043e \u0441\u043e\u0437\u0434\u0430\u043d\u0438\u044e \u0440\u0435\u043a\u043e\u043c\u0435\u043d\u0434\u0430\u0442\u0435\u043b\u044c\u043d\u044b\u0445 \u0441\u0438\u0441\u0442\u0435\u043c \u0438 \u0440\u0435\u0448\u0435\u043d\u0438\u044e \u0440\u0435\u0430\u043b\u044c\u043d\u044b\u0445 \u0431\u0438\u0437\u043d\u0435\u0441-\u043a\u0435\u0439\u0441\u043e\u0432. \u041f\u043e \u043e\u043a\u043e\u043d\u0447\u0430\u043d\u0438\u044e \u0448\u043a\u043e\u043b\u044b \u043a\u0430\u0436\u0434\u0430\u044f \u043a\u043e\u043c\u0430\u043d\u0434\u0430 \u043f\u0440\u0435\u0437\u0435\u043d\u0442\u0443\u0435\u0442 \u0441\u0432\u043e\u0439 \u043f\u0440\u043e\u0435\u043a\u0442 \u043f\u0435\u0440\u0435\u0434 \u044d\u043a\u0441\u043f\u0435\u0440\u0442\u043d\u044b\u043c \u0436\u044e\u0440\u0438 \u0438 \u043f\u043e\u043b\u0443\u0447\u0438\u0442 \u0440\u0435\u043a\u043e\u043c\u0435\u043d\u0434\u0430\u0446\u0438\u0438. \u041b\u0443\u0447\u0448\u0438\u0435 \u0443\u0447\u0435\u043d\u0438\u043a\u0438 \u043f\u043e\u043b\u0443\u0447\u0430\u0442 \u043f\u0440\u0438\u0433\u043b\u0430\u0448\u0435\u043d\u0438\u044f \u043d\u0430 \u0441\u0442\u0430\u0436\u0438\u0440\u043e\u0432\u043a\u0443 \u0443 \u043f\u0430\u0440\u0442\u043d\u0435\u0440\u043e\u0432 \u0448\u043a\u043e\u043b\u044b."}}, {"model": "goto.department", "pk": 2, "fields": {"event": 1, "title": "\u0410\u043d\u0430\u043b\u0438\u0437 \u0434\u0430\u043d\u043d\u044b\u0445", "image": 1, "description": "\u041d\u0430 \u043d\u0430\u043f\u0440\u0430\u0432\u043b\u0435\u043d\u0438\u0438 \u0431\u0443\u0434\u0443\u0442 \u0441\u043e\u0437\u0434\u0430\u0432\u0430\u0442\u044c\u0441\u044f \u0443\u043c\u043d\u044b\u0435 \u0443\u0441\u0442\u0440\u043e\u0439\u0441\u0442\u0432\u0430, \u043a\u043e\u0442\u043e\u0440\u044b\u0435 \u0432\u0437\u0430\u0438\u043c\u043e\u0434\u0435\u0439\u0441\u0442\u0432\u0443\u044e\u0442 \u0434\u0440\u0443\u0433 \u0441 \u0434\u0440\u0443\u0433\u043e\u043c \u0438 \u0441 \u0432\u043d\u0435\u0448\u043d\u0438\u043c\u0438 \u0438\u043d\u0442\u0435\u0440\u043d\u0435\u0442-\u0440\u0435\u0441\u0443\u0440\u0441\u0430\u043c\u0438, \u0438\u0441\u043f\u043e\u043b\u044c\u0437\u0443\u044f \u0440\u0430\u0437\u043d\u043e\u043e\u0431\u0440\u0430\u0437\u043d\u044b\u0435 \u043a\u0430\u043d\u0430\u043b\u044b \u0441\u0432\u044f\u0437\u0438, \u0432\u043a\u043b\u044e\u0447\u0430\u044f \u0431\u0435\u0441\u043f\u0440\u043e\u0432\u043e\u0434\u043d\u044b\u0435. \u0421\u0435\u0440\u0438\u044f \u043c\u0430\u0441\u0442\u0435\u0440-\u043a\u043b\u0430\u0441\u0441\u043e\u0432 \u043f\u043e\u0437\u0432\u043e\u043b\u0438\u0442 \u0441\u043d\u0430\u0447\u0430\u043b\u0430 \u0440\u0435\u0430\u043b\u0438\u0437\u043e\u0432\u0430\u0442\u044c \u0443\u0447\u0435\u0431\u043d\u044b\u0439 \u043f\u0440\u043e\u0435\u043a\u0442, \u043f\u043e\u0440\u0430\u0431\u043e\u0442\u0430\u0442\u044c \u0441 \u043f\u0435\u0440\u0438\u0444\u0435\u0440\u0438\u0435\u0439 \u0438 \u0432\u043d\u0435\u0448\u043d\u0438\u043c\u0438 \u0434\u0430\u043d\u043d\u044b\u043c\u0438, \u0438\u0445 \u043f\u0435\u0440\u0435\u0434\u0430\u0447\u0435\u0439, \u0445\u0440\u0430\u043d\u0435\u043d\u0438\u0435\u043c \u0438 \u043e\u0431\u0440\u0430\u0431\u043e\u0442\u043a\u043e\u0439, \u0437\u0430\u043d\u044f\u0442\u044c\u0441\u044f \u043f\u0440\u043e\u0435\u043a\u0442\u0438\u0440\u043e\u0432\u0430\u043d\u0438\u0435\u043c \u0438 \u043c\u043e\u0434\u0435\u043b\u0438\u0440\u043e\u0432\u0430\u043d\u0438\u0435\u043c \u0443\u0441\u0442\u0440\u043e\u0439\u0441\u0442\u0432\u0430.\r\n\r\n\u041a \u0443\u0447\u0430\u0441\u0442\u0438\u044e \u043f\u0440\u0438\u0433\u043b\u0430\u0448\u0430\u044e\u0442\u0441\u044f \u0432\u0441\u0435, \u043a\u0442\u043e \u0445\u043e\u0447\u0435\u0442 \u0437\u0430\u043d\u0438\u043c\u0430\u0442\u044c\u0441\u044f \u043f\u0440\u043e\u0435\u043a\u0442\u0438\u0440\u043e\u0432\u0430\u043d\u0438\u0435\u043c \u0443\u0441\u0442\u0440\u043e\u0439\u0441\u0442\u0432 \u0438 \u0438\u0445 \u043f\u0435\u0440\u0438\u0444\u0435\u0440\u0438\u0438, \u0432\u0437\u0430\u0438\u043c\u043e\u0434\u0435\u0439\u0441\u0442\u0432\u0438\u0435\u043c \u0441 \u0431\u0435\u043a\u044d\u043d\u0434\u0430\u043c\u0438 \u0441\u0442\u043e\u0440\u043e\u043d\u043d\u0438\u0445 \u0438 \u0441\u043e\u0431\u0441\u0442\u0432\u0435\u043d\u043d\u044b\u0445 \u0441\u0435\u0440\u0432\u0438\u0441\u043e\u0432, \u043f\u0440\u043e\u0433\u0440\u0430\u043c\u043c\u0438\u0440\u043e\u0432\u0430\u043d\u0438\u0435\u043c \u0441\u0435\u0442\u0435\u0432\u044b\u0445 \u0438 \u043c\u043e\u0431\u0438\u043b\u044c\u043d\u044b\u0445 \u043f\u0440\u0438\u043b\u043e\u0436\u0435\u043d\u0438\u0439, \u043c\u0438\u043a\u0440\u043e\u043a\u043e\u043d\u0442\u0440\u043e\u043b\u043b\u0435\u0440\u0430\u043c\u0438.\r\n\r\n\u041a\u0430\u0436\u0434\u044b\u0439 \u0443\u0447\u0430\u0441\u0442\u043d\u0438\u043a \u043f\u043e\u043b\u0443\u0447\u0438\u0442 \u0432\u043e\u0437\u043c\u043e\u0436\u043d\u043e\u0441\u0442\u044c \u0432\u0441\u0435 \u0441\u0442\u0430\u0434\u0438\u0438 \u0440\u0435\u0430\u043b\u0438\u0437\u0430\u0446\u0438\u0438 \u043f\u0440\u043e\u0435\u043a\u0442\u0430, \u043d\u0430\u0447\u0438\u043d\u0430\u044f \u043e\u0442 \u0440\u0430\u0437\u0432\u0435\u0440\u0442\u044b\u0432\u0430\u043d\u0438\u044f \u043d\u0430 \u0441\u0435\u0440\u0432\u0435\u0440\u0430\u0445 \u0438 \u043f\u0440\u043e\u0435\u043a\u0442\u0438\u0440\u043e\u0432\u0430\u043d\u0438\u044f \u043a\u043e\u0440\u043f\u0443\u0441\u0430, \u0437\u0430\u043a\u0430\u043d\u0447\u0438\u0432\u0430\u044f \u043f\u0440\u0435\u0437\u0435\u043d\u0442\u0430\u0446\u0438\u0435\u0439 \u043f\u043e \u043e\u043a\u043e\u043d\u0447\u0430\u043d\u0438\u044e \u0448\u043a\u043e\u043b\u044b."}}, {"model": "goto.department", "pk": 3, "fields": {"event": 4, "title": "\u041c\u0430\u0448\u0438\u043d\u043d\u043e\u0435 \u043e\u0431\u0443\u0447\u0435\u043d\u0438\u0435", "image": null, "description": "\u0422\u0440\u0435\u0445\u0434\u043d\u0435\u0432\u043d\u043e\u0435 \u043a\u043e\u043c\u0430\u043d\u0434\u043d\u043e\u0435 \u0441\u043e\u0440\u0435\u0432\u043d\u043e\u0432\u0430\u043d\u0438\u0435 \u043f\u043e \u0430\u043d\u0430\u043b\u0438\u0437\u0443 \u043e\u0442\u043a\u0440\u044b\u0442\u044b\u0445 \u0434\u0430\u043d\u043d\u044b\u0445 \u043f\u043e\u043b\u044c\u0437\u043e\u0432\u0430\u0442\u0435\u043b\u0435\u0439 \u0441\u043e\u0446\u0441\u0435\u0442\u0438 \u0412\u041a\u043e\u043d\u0442\u0430\u043a\u0442\u0435 \u0432\u043e\u0437\u0440\u0430\u0441\u0442\u043e\u043c 15-18 \u043b\u0435\u0442. \u041f\u043e \u0438\u0442\u043e\u0433\u0430\u043c \u043a\u0430\u0436\u0434\u0430\u044f \u0438\u0437 \u043a\u043e\u043c\u0430\u043d\u0434 \u043f\u0440\u0435\u0437\u0435\u043d\u0442\u0443\u0435\u0442 \u0440\u0435\u0437\u0443\u043b\u044c\u0442\u0430\u0442\u044b \u043f\u0435\u0440\u0435\u0434 \u0436\u044e\u0440\u0438 \u0434\u043b\u044f \u043e\u043f\u0440\u0435\u0434\u0435\u043b\u0435\u043d\u0438\u044f \u043f\u043e\u0431\u0435\u0434\u0438\u0442\u0435\u043b\u0435\u0439."}}, {"model": "goto.partner", "pk": 1, "fields": {"name": "\u0420\u0430\u043c\u0431\u043b\u0435\u0440", "link": "http://www.rambler.ru/", "image": "partners/croc_u5akg53.png"}}, {"model": "goto.partner", "pk": 2, "fields": {"name": "\u041a\u0440\u043e\u043a", "link": "http://www.croc.ru/", "image": "partners/croc.png"}}, {"model": "goto.step", "pk": 1, "fields": {"title": "\u0428\u043a\u043e\u043b\u044c\u043d\u0438\u043a \u0438\u043b\u0438 \u0441\u0442\u0443\u0434\u0435\u043d\u0442 15-18 \u043b\u0435\u0442", "description": "\u0428\u043a\u043e\u043b\u044c\u043d\u0438\u043a \u0438\u043b\u0438 \u0441\u0442\u0443\u0434\u0435\u043d\u0442 15-18 \u043b\u0435\u0442", "picture": null}}, {"model": "goto.day", "pk": 1, "fields": {"block": 2, "date": "2016-08-09", "content": "\u041f\u0440\u0438\u0432\u0435\u0442\r\n\u041c\u0435\u043d\u044f\r\n\u0417\u043e\u0432\u0443\u0442 \u041e\u043b\u0435\u0433"}}, {"model": "goto.day", "pk": 2, "fields": {"block": 2, "date": "2016-08-28", "content": "\u041f\u0440\u0438\u0432\u0435\u0442\r\n\u041c\u0435\u043d\u044f\r\n\u0417\u043e\u0432\u0443\u0442 \u041e\u043b\u0435\u0433"}}, {"model": "goto.massmediaarticle", "pk": 1, "fields": {"title": "\u0418\u043d\u0442\u0435\u0440\u0432\u044c\u044e \u0440\u0443\u043a\u043e\u0432\u043e\u0434\u0438\u0442\u0435\u043b\u044f \u043d\u0430\u043f\u0440\u0430\u0432\u043b\u0435\u043d\u0438\u044f \u0440\u043e\u0431\u043e\u0442\u043e\u0442\u0435\u0445\u043d\u0438\u043a\u0438 GoTo \u0410\u043b\u0435\u043a\u0441\u0435\u044f \u041f\u0435\u0440\u0435\u043f\u0435\u043b\u043a\u0438\u043d\u0430", "description": "\u041b\u0430\u0433\u0435\u0440\u044c \u0434\u043b\u044f \u0448\u043a\u043e\u043b\u044c\u043d\u0438\u043a\u043e\u0432", "link": "http://edurobots.ru/2015/10/aleksej-perepelkin-intervyu/", "image": "mm-pictures/croc.png"}}, {"model": "easy_thumbnails.source", "pk": 1, "fields": {"storage_hash": "f9bde26a1556cd667f742bd34ec7c55e", "name": "filer_public/0d/99/0d992b0e-1c3b-4cdb-a794-81334d41e91d/maxresdefault1.jpg", "modified": "2016-08-14T15:53:39.123Z"}}, {"model": "easy_thumbnails.thumbnail", "pk": 1, "fields": {"storage_hash": "f9bde26a1556cd667f742bd34ec7c55e", "name": "filer_public_thumbnails/filer_public/0d/99/0d992b0e-1c3b-4cdb-a794-81334d41e91d/maxresdefault1.jpg__32x32_q85_crop_subsampling-2_upscale.jpg", "modified": "2016-08-14T15:53:39.228Z", "source": 1}}, {"model": "easy_thumbnails.thumbnail", "pk": 2, "fields": {"storage_hash": "f9bde26a1556cd667f742bd34ec7c55e", "name": "filer_public_thumbnails/filer_public/0d/99/0d992b0e-1c3b-4cdb-a794-81334d41e91d/maxresdefault1.jpg__64x64_q85_crop_subsampling-2_upscale.jpg", "modified": "2016-08-14T15:53:39.375Z", "source": 1}}, {"model": "easy_thumbnails.thumbnail", "pk": 3, "fields": {"storage_hash": "f9bde26a1556cd667f742bd34ec7c55e", "name": "filer_public_thumbnails/filer_public/0d/99/0d992b0e-1c3b-4cdb-a794-81334d41e91d/maxresdefault1.jpg__16x16_q85_crop_subsampling-2_upscale.jpg", "modified": "2016-08-14T15:53:39.503Z", "source": 1}}, {"model": "easy_thumbnails.thumbnail", "pk": 4, "fields": {"storage_hash": "f9bde26a1556cd667f742bd34ec7c55e", "name": "filer_public_thumbnails/filer_public/0d/99/0d992b0e-1c3b-4cdb-a794-81334d41e91d/maxresdefault1.jpg__48x48_q85_crop_subsampling-2_upscale.jpg", "modified": "2016-08-14T15:53:39.633Z", "source": 1}}, {"model": "easy_thumbnails.thumbnail", "pk": 5, "fields": {"storage_hash": "f9bde26a1556cd667f742bd34ec7c55e", "name": "filer_public_thumbnails/filer_public/0d/99/0d992b0e-1c3b-4cdb-a794-81334d41e91d/maxresdefault1.jpg__180x180_q85_crop_subsampling-2_upscale.jpg", "modified": "2016-08-14T15:53:39.794Z", "source": 1}}, {"model": "auth.permission", "pk": 1, "fields": {"name": "Can add log entry", "content_type": 1, "codename": "add_logentry"}}, {"model": "auth.permission", "pk": 2, "fields": {"name": "Can change log entry", "content_type": 1, "codename": "change_logentry"}}, {"model": "auth.permission", "pk": 3, "fields": {"name": "Can delete log entry", "content_type": 1, "codename": "delete_logentry"}}, {"model": "auth.permission", "pk": 4, "fields": {"name": "Can add permission", "content_type": 2, "codename": "add_permission"}}, {"model": "auth.permission", "pk": 5, "fields": {"name": "Can change permission", "content_type": 2, "codename": "change_permission"}}, {"model": "auth.permission", "pk": 6, "fields": {"name": "Can delete permission", "content_type": 2, "codename": "delete_permission"}}, {"model": "auth.permission", "pk": 7, "fields": {"name": "Can add group", "content_type": 3, "codename": "add_group"}}, {"model": "auth.permission", "pk": 8, "fields": {"name": "Can change group", "content_type": 3, "codename": "change_group"}}, {"model": "auth.permission", "pk": 9, "fields": {"name": "Can delete group", "content_type": 3, "codename": "delete_group"}}, {"model": "auth.permission", "pk": 10, "fields": {"name": "Can add user", "content_type": 4, "codename": "add_user"}}, {"model": "auth.permission", "pk": 11, "fields": {"name": "Can change user", "content_type": 4, "codename": "change_user"}}, {"model": "auth.permission", "pk": 12, "fields": {"name": "Can delete user", "content_type": 4, "codename": "delete_user"}}, {"model": "auth.permission", "pk": 13, "fields": {"name": "Can add content type", "content_type": 5, "codename": "add_contenttype"}}, {"model": "auth.permission", "pk": 14, "fields": {"name": "Can change content type", "content_type": 5, "codename": "change_contenttype"}}, {"model": "auth.permission", "pk": 15, "fields": {"name": "Can delete content type", "content_type": 5, "codename": "delete_contenttype"}}, {"model": "auth.permission", "pk": 16, "fields": {"name": "Can add session", "content_type": 6, "codename": "add_session"}}, {"model": "auth.permission", "pk": 17, "fields": {"name": "Can change session", "content_type": 6, "codename": "change_session"}}, {"model": "auth.permission", "pk": 18, "fields": {"name": "Can delete session", "content_type": 6, "codename": "delete_session"}}, {"model": "auth.permission", "pk": 19, "fields": {"name": "Can add user", "content_type": 7, "codename": "add_gotouser"}}, {"model": "auth.permission", "pk": 20, "fields": {"name": "Can change user", "content_type": 7, "codename": "change_gotouser"}}, {"model": "auth.permission", "pk": 21, "fields": {"name": "Can delete user", "content_type": 7, "codename": "delete_gotouser"}}, {"model": "auth.permission", "pk": 22, "fields": {"name": "Can add Participant", "content_type": 8, "codename": "add_participant"}}, {"model": "auth.permission", "pk": 23, "fields": {"name": "Can change Participant", "content_type": 8, "codename": "change_participant"}}, {"model": "auth.permission", "pk": 24, "fields": {"name": "Can delete Participant", "content_type": 8, "codename": "delete_participant"}}, {"model": "auth.permission", "pk": 25, "fields": {"name": "Can add Expert", "content_type": 9, "codename": "add_expert"}}, {"model": "auth.permission", "pk": 26, "fields": {"name": "Can change Expert", "content_type": 9, "codename": "change_expert"}}, {"model": "auth.permission", "pk": 27, "fields": {"name": "Can delete Expert", "content_type": 9, "codename": "delete_expert"}}, {"model": "auth.permission", "pk": 28, "fields": {"name": "Can view personal data", "content_type": 9, "codename": "view_personal_data"}}, {"model": "auth.permission", "pk": 29, "fields": {"name": "Can leave private comments", "content_type": 9, "codename": "leave_private_comments"}}, {"model": "auth.permission", "pk": 30, "fields": {"name": "Can view private comments", "content_type": 9, "codename": "view_private_comment"}}, {"model": "auth.permission", "pk": 31, "fields": {"name": "Can add fa question", "content_type": 10, "codename": "add_faquestion"}}, {"model": "auth.permission", "pk": 32, "fields": {"name": "Can change fa question", "content_type": 10, "codename": "change_faquestion"}}, {"model": "auth.permission", "pk": 33, "fields": {"name": "Can delete fa question", "content_type": 10, "codename": "delete_faquestion"}}, {"model": "auth.permission", "pk": 34, "fields": {"name": "Can add page", "content_type": 11, "codename": "add_page"}}, {"model": "auth.permission", "pk": 35, "fields": {"name": "Can change page", "content_type": 11, "codename": "change_page"}}, {"model": "auth.permission", "pk": 36, "fields": {"name": "Can delete page", "content_type": 11, "codename": "delete_page"}}, {"model": "auth.permission", "pk": 37, "fields": {"name": "Can add event", "content_type": 12, "codename": "add_event"}}, {"model": "auth.permission", "pk": 38, "fields": {"name": "Can change event", "content_type": 12, "codename": "change_event"}}, {"model": "auth.permission", "pk": 39, "fields": {"name": "Can delete event", "content_type": 12, "codename": "delete_event"}}, {"model": "auth.permission", "pk": 40, "fields": {"name": "Can add arrangement", "content_type": 13, "codename": "add_arrangement"}}, {"model": "auth.permission", "pk": 41, "fields": {"name": "Can change arrangement", "content_type": 13, "codename": "change_arrangement"}}, {"model": "auth.permission", "pk": 42, "fields": {"name": "Can delete arrangement", "content_type": 13, "codename": "delete_arrangement"}}, {"model": "auth.permission", "pk": 43, "fields": {"name": "Can add department", "content_type": 14, "codename": "add_department"}}, {"model": "auth.permission", "pk": 44, "fields": {"name": "Can change department", "content_type": 14, "codename": "change_department"}}, {"model": "auth.permission", "pk": 45, "fields": {"name": "Can delete department", "content_type": 14, "codename": "delete_department"}}, {"model": "auth.permission", "pk": 46, "fields": {"name": "Can add application", "content_type": 15, "codename": "add_application"}}, {"model": "auth.permission", "pk": 47, "fields": {"name": "Can change application", "content_type": 15, "codename": "change_application"}}, {"model": "auth.permission", "pk": 48, "fields": {"name": "Can delete application", "content_type": 15, "codename": "delete_application"}}, {"model": "auth.permission", "pk": 49, "fields": {"name": "Can add experting", "content_type": 16, "codename": "add_experting"}}, {"model": "auth.permission", "pk": 50, "fields": {"name": "Can change experting", "content_type": 16, "codename": "change_experting"}}, {"model": "auth.permission", "pk": 51, "fields": {"name": "Can delete experting", "content_type": 16, "codename": "delete_experting"}}, {"model": "auth.permission", "pk": 52, "fields": {"name": "Can add question", "content_type": 17, "codename": "add_question"}}, {"model": "auth.permission", "pk": 53, "fields": {"name": "Can change question", "content_type": 17, "codename": "change_question"}}, {"model": "auth.permission", "pk": 54, "fields": {"name": "Can delete question", "content_type": 17, "codename": "delete_question"}}, {"model": "auth.permission", "pk": 55, "fields": {"name": "Can add answer", "content_type": 18, "codename": "add_answer"}}, {"model": "auth.permission", "pk": 56, "fields": {"name": "Can change answer", "content_type": 18, "codename": "change_answer"}}, {"model": "auth.permission", "pk": 57, "fields": {"name": "Can delete answer", "content_type": 18, "codename": "delete_answer"}}, {"model": "auth.permission", "pk": 58, "fields": {"name": "Can add project", "content_type": 19, "codename": "add_project"}}, {"model": "auth.permission", "pk": 59, "fields": {"name": "Can change project", "content_type": 19, "codename": "change_project"}}, {"model": "auth.permission", "pk": 60, "fields": {"name": "Can delete project", "content_type": 19, "codename": "delete_project"}}, {"model": "auth.permission", "pk": 61, "fields": {"name": "Can add participant comment", "content_type": 20, "codename": "add_participantcomment"}}, {"model": "auth.permission", "pk": 62, "fields": {"name": "Can change participant comment", "content_type": 20, "codename": "change_participantcomment"}}, {"model": "auth.permission", "pk": 63, "fields": {"name": "Can delete participant comment", "content_type": 20, "codename": "delete_participantcomment"}}, {"model": "auth.permission", "pk": 64, "fields": {"name": "Can add project comment", "content_type": 21, "codename": "add_projectcomment"}}, {"model": "auth.permission", "pk": 65, "fields": {"name": "Can change project comment", "content_type": 21, "codename": "change_projectcomment"}}, {"model": "auth.permission", "pk": 66, "fields": {"name": "Can delete project comment", "content_type": 21, "codename": "delete_projectcomment"}}, {"model": "auth.permission", "pk": 67, "fields": {"name": "Can add assignment", "content_type": 22, "codename": "add_assignment"}}, {"model": "auth.permission", "pk": 68, "fields": {"name": "Can change assignment", "content_type": 22, "codename": "change_assignment"}}, {"model": "auth.permission", "pk": 69, "fields": {"name": "Can delete assignment", "content_type": 22, "codename": "delete_assignment"}}, {"model": "auth.permission", "pk": 70, "fields": {"name": "Can add solution", "content_type": 23, "codename": "add_solution"}}, {"model": "auth.permission", "pk": 71, "fields": {"name": "Can change solution", "content_type": 23, "codename": "change_solution"}}, {"model": "auth.permission", "pk": 72, "fields": {"name": "Can delete solution", "content_type": 23, "codename": "delete_solution"}}, {"model": "auth.permission", "pk": 73, "fields": {"name": "Can add subscriber", "content_type": 24, "codename": "add_subscriber"}}, {"model": "auth.permission", "pk": 74, "fields": {"name": "Can change subscriber", "content_type": 24, "codename": "change_subscriber"}}, {"model": "auth.permission", "pk": 75, "fields": {"name": "Can delete subscriber", "content_type": 24, "codename": "delete_subscriber"}}, {"model": "auth.permission", "pk": 76, "fields": {"name": "Can add partner", "content_type": 25, "codename": "add_partner"}}, {"model": "auth.permission", "pk": 77, "fields": {"name": "Can change partner", "content_type": 25, "codename": "change_partner"}}, {"model": "auth.permission", "pk": 78, "fields": {"name": "Can delete partner", "content_type": 25, "codename": "delete_partner"}}, {"model": "auth.permission", "pk": 79, "fields": {"name": "Can add settings", "content_type": 26, "codename": "add_settings"}}, {"model": "auth.permission", "pk": 80, "fields": {"name": "Can change settings", "content_type": 26, "codename": "change_settings"}}, {"model": "auth.permission", "pk": 81, "fields": {"name": "Can delete settings", "content_type": 26, "codename": "delete_settings"}}, {"model": "auth.permission", "pk": 82, "fields": {"name": "Can add mass media article", "content_type": 27, "codename": "add_massmediaarticle"}}, {"model": "auth.permission", "pk": 83, "fields": {"name": "Can change mass media article", "content_type": 27, "codename": "change_massmediaarticle"}}, {"model": "auth.permission", "pk": 84, "fields": {"name": "Can delete mass media article", "content_type": 27, "codename": "delete_massmediaarticle"}}, {"model": "auth.permission", "pk": 85, "fields": {"name": "Can add Folder", "content_type": 28, "codename": "add_folder"}}, {"model": "auth.permission", "pk": 86, "fields": {"name": "Can change Folder", "content_type": 28, "codename": "change_folder"}}, {"model": "auth.permission", "pk": 87, "fields": {"name": "Can delete Folder", "content_type": 28, "codename": "delete_folder"}}, {"model": "auth.permission", "pk": 88, "fields": {"name": "Can use directory listing", "content_type": 28, "codename": "can_use_directory_listing"}}, {"model": "auth.permission", "pk": 89, "fields": {"name": "Can add folder permission", "content_type": 29, "codename": "add_folderpermission"}}, {"model": "auth.permission", "pk": 90, "fields": {"name": "Can change folder permission", "content_type": 29, "codename": "change_folderpermission"}}, {"model": "auth.permission", "pk": 91, "fields": {"name": "Can delete folder permission", "content_type": 29, "codename": "delete_folderpermission"}}, {"model": "auth.permission", "pk": 92, "fields": {"name": "Can add file", "content_type": 30, "codename": "add_file"}}, {"model": "auth.permission", "pk": 93, "fields": {"name": "Can change file", "content_type": 30, "codename": "change_file"}}, {"model": "auth.permission", "pk": 94, "fields": {"name": "Can delete file", "content_type": 30, "codename": "delete_file"}}, {"model": "auth.permission", "pk": 95, "fields": {"name": "Can add clipboard", "content_type": 31, "codename": "add_clipboard"}}, {"model": "auth.permission", "pk": 96, "fields": {"name": "Can change clipboard", "content_type": 31, "codename": "change_clipboard"}}, {"model": "auth.permission", "pk": 97, "fields": {"name": "Can delete clipboard", "content_type": 31, "codename": "delete_clipboard"}}, {"model": "auth.permission", "pk": 98, "fields": {"name": "Can add clipboard item", "content_type": 32, "codename": "add_clipboarditem"}}, {"model": "auth.permission", "pk": 99, "fields": {"name": "Can change clipboard item", "content_type": 32, "codename": "change_clipboarditem"}}, {"model": "auth.permission", "pk": 100, "fields": {"name": "Can delete clipboard item", "content_type": 32, "codename": "delete_clipboarditem"}}, {"model": "auth.permission", "pk": 101, "fields": {"name": "Can add image", "content_type": 33, "codename": "add_image"}}, {"model": "auth.permission", "pk": 102, "fields": {"name": "Can change image", "content_type": 33, "codename": "change_image"}}, {"model": "auth.permission", "pk": 103, "fields": {"name": "Can delete image", "content_type": 33, "codename": "delete_image"}}, {"model": "auth.permission", "pk": 104, "fields": {"name": "Can add thumbnail option", "content_type": 34, "codename": "add_thumbnailoption"}}, {"model": "auth.permission", "pk": 105, "fields": {"name": "Can change thumbnail option", "content_type": 34, "codename": "change_thumbnailoption"}}, {"model": "auth.permission", "pk": 106, "fields": {"name": "Can delete thumbnail option", "content_type": 34, "codename": "delete_thumbnailoption"}}, {"model": "auth.permission", "pk": 107, "fields": {"name": "Can add source", "content_type": 35, "codename": "add_source"}}, {"model": "auth.permission", "pk": 108, "fields": {"name": "Can change source", "content_type": 35, "codename": "change_source"}}, {"model": "auth.permission", "pk": 109, "fields": {"name": "Can delete source", "content_type": 35, "codename": "delete_source"}}, {"model": "auth.permission", "pk": 110, "fields": {"name": "Can add thumbnail", "content_type": 36, "codename": "add_thumbnail"}}, {"model": "auth.permission", "pk": 111, "fields": {"name": "Can change thumbnail", "content_type": 36, "codename": "change_thumbnail"}}, {"model": "auth.permission", "pk": 112, "fields": {"name": "Can delete thumbnail", "content_type": 36, "codename": "delete_thumbnail"}}, {"model": "auth.permission", "pk": 113, "fields": {"name": "Can add thumbnail dimensions", "content_type": 37, "codename": "add_thumbnaildimensions"}}, {"model": "auth.permission", "pk": 114, "fields": {"name": "Can change thumbnail dimensions", "content_type": 37, "codename": "change_thumbnaildimensions"}}, {"model": "auth.permission", "pk": 115, "fields": {"name": "Can delete thumbnail dimensions", "content_type": 37, "codename": "delete_thumbnaildimensions"}}, {"model": "auth.permission", "pk": 116, "fields": {"name": "Can add user social auth", "content_type": 38, "codename": "add_usersocialauth"}}, {"model": "auth.permission", "pk": 117, "fields": {"name": "Can change user social auth", "content_type": 38, "codename": "change_usersocialauth"}}, {"model": "auth.permission", "pk": 118, "fields": {"name": "Can delete user social auth", "content_type": 38, "codename": "delete_usersocialauth"}}, {"model": "auth.permission", "pk": 119, "fields": {"name": "Can add nonce", "content_type": 39, "codename": "add_nonce"}}, {"model": "auth.permission", "pk": 120, "fields": {"name": "Can change nonce", "content_type": 39, "codename": "change_nonce"}}, {"model": "auth.permission", "pk": 121, "fields": {"name": "Can delete nonce", "content_type": 39, "codename": "delete_nonce"}}, {"model": "auth.permission", "pk": 122, "fields": {"name": "Can add association", "content_type": 40, "codename": "add_association"}}, {"model": "auth.permission", "pk": 123, "fields": {"name": "Can change association", "content_type": 40, "codename": "change_association"}}, {"model": "auth.permission", "pk": 124, "fields": {"name": "Can delete association", "content_type": 40, "codename": "delete_association"}}, {"model": "auth.permission", "pk": 125, "fields": {"name": "Can add code", "content_type": 41, "codename": "add_code"}}, {"model": "auth.permission", "pk": 126, "fields": {"name": "Can change code", "content_type": 41, "codename": "change_code"}}, {"model": "auth.permission", "pk": 127, "fields": {"name": "Can delete code", "content_type": 41, "codename": "delete_code"}}, {"model": "auth.permission", "pk": 128, "fields": {"name": "Can add step", "content_type": 42, "codename": "add_step"}}, {"model": "auth.permission", "pk": 129, "fields": {"name": "Can change step", "content_type": 42, "codename": "change_step"}}, {"model": "auth.permission", "pk": 130, "fields": {"name": "Can delete step", "content_type": 42, "codename": "delete_step"}}, {"model": "auth.permission", "pk": 131, "fields": {"name": "Can add day", "content_type": 43, "codename": "add_day"}}, {"model": "auth.permission", "pk": 132, "fields": {"name": "Can change day", "content_type": 43, "codename": "change_day"}}, {"model": "auth.permission", "pk": 133, "fields": {"name": "Can delete day", "content_type": 43, "codename": "delete_day"}}, {"model": "auth.permission", "pk": 134, "fields": {"name": "Can add block", "content_type": 44, "codename": "add_block"}}, {"model": "auth.permission", "pk": 135, "fields": {"name": "Can change block", "content_type": 44, "codename": "change_block"}}, {"model": "auth.permission", "pk": 136, "fields": {"name": "Can delete block", "content_type": 44, "codename": "delete_block"}}, {"model": "auth.permission", "pk": 137, "fields": {"name": "Can add block entity", "content_type": 45, "codename": "add_blockentity"}}, {"model": "auth.permission", "pk": 138, "fields": {"name": "Can change block entity", "content_type": 45, "codename": "change_blockentity"}}, {"model": "auth.permission", "pk": 139, "fields": {"name": "Can delete block entity", "content_type": 45, "codename": "delete_blockentity"}}, {"model": "auth.user", "pk": 1, "fields": {"password": "pbkdf2_sha256$24000$itm4UavGPjvm$AWrDeGyzUIxcyqrZYevzwIFlrShqHMcKwFjwAc+uo/w=", "last_login": "2016-08-24T14:28:35.854Z", "is_superuser": true, "username": "omrigann@gmail.com", "first_name": "\u041e\u043b\u0435\u0433", "last_name": "\u0412\u0430\u0441\u0438\u043b\u044c\u0435\u0432", "email": "omrigann@gmail.com", "is_staff": true, "is_active": true, "date_joined": "2016-07-09T15:02:25Z", "groups": [], "user_permissions": []}}, {"model": "auth.user", "pk": 3, "fields": {"password": "password", "last_login": null, "is_superuser": false, "username": "ivan", "first_name": "\u0418\u0432\u0430\u043d", "last_name": "\u0411\u0438\u0431\u043b\u043e\u0432", "email": "", "is_staff": false, "is_active": true, "date_joined": "2016-07-15T14:01:01Z", "groups": [], "user_permissions": []}}, {"model": "auth.user", "pk": 4, "fields": {"password": "!gaETX0BP92C0CrovQ82llTQ8YDiL9pTOVXNUCg0V", "last_login": "2016-08-14T16:42:12.012Z", "is_superuser": false, "username": "Gogmig", "first_name": "", "last_name": "", "email": "", "is_staff": false, "is_active": true, "date_joined": "2016-08-14T15:08:45.452Z", "groups": [], "user_permissions": []}}, {"model": "goto.gotouser", "pk": 1, "fields": {"gender": "F", "surname": "\u042e\u0440\u044c\u0435\u0432\u0438\u0447", "about": "\u041c\u0435\u043d\u044f \u0437\u043e\u0432\u0443\u0442 \u041e\u043b\u0435\u0433", "profile_picture": "profile_pictures/Selection_001.png", "organization": "\u041d\u0418\u0423 \u0412\u0428\u042d", "email_verified": false, "groups": [], "user_permissions": []}}, {"model": "goto.gotouser", "pk": 3, "fields": {"gender": "M", "surname": "", "about": "", "profile_picture": "profile_pictures/me.JPG", "organization": "GoTo", "email_verified": false, "groups": [], "user_permissions": []}}, {"model": "goto.gotouser", "pk": 4, "fields": {"gender": "N", "surname": "", "about": "", "profile_picture": "no-photo.jpg", "organization": "", "email_verified": false, "groups": [], "user_permissions": []}}, {"model": "goto.participant", "pk": 1, "fields": {"city": "\u041c\u043e\u0441\u043a\u0432\u0430", "citizenship": "\u0420\u043e\u0441\u0441\u0438\u0439\u0441\u043a\u0430\u044f \u0424\u0435\u0434\u0435\u0440\u0430\u0446\u0438\u044f", "birthday": null, "phone_number": "", "parent_phone_number": "", "health_issues": "", "programming_languages": "", "experience": "123", "education_type": "university", "education_name": "\u041d\u0418\u0423 \u0412\u0428\u042d", "education_years": 4, "graduation_year": null, "_subscribed_to_email": true, "groups": [], "user_permissions": []}}, {"model": "goto.participant", "pk": 4, "fields": {"city": "", "citizenship": "\u0420\u043e\u0441\u0441\u0438\u044f", "birthday": null, "phone_number": "", "parent_phone_number": "", "health_issues": "\u041d\u0438\u043a\u0430\u043a\u0438\u0445", "programming_languages": "", "experience": "", "education_type": "school", "education_name": "", "education_years": 11, "graduation_year": null, "_subscribed_to_email": false, "groups": [], "user_permissions": []}}, {"model": "goto.expert", "pk": 3, "fields": {"short_description": "\u041e\u043f\u0438\u0441\u0430\u043d\u0438\u0435 \u0434\u043b\u044f \u0418\u0432\u0430\u043d\u0430. \u041e\u043f\u0438\u0441\u0430\u043d\u0438\u0435 \u0434\u043b\u044f \u0418\u0432\u0430\u043d\u0430. \u041e\u043f\u0438\u0441\u0430\u043d\u0438\u0435 \u0434\u043b\u044f \u0418\u0432\u0430\u043d\u0430. \u041e\u043f\u0438\u0441\u0430\u043d\u0438\u0435 \u0434\u043b\u044f \u0418\u0432\u0430\u043d\u0430. \u041e\u043f\u0438\u0441\u0430\u043d\u0438\u0435 \u0434\u043b\u044f \u0418\u0432\u0430\u043d\u0430. \u041e\u043f\u0438\u0441\u0430\u043d\u0438\u0435 \u0434\u043b\u044f \u0418\u0432\u0430\u043d\u0430. \u041e\u043f\u0438\u0441\u0430\u043d\u0438\u0435 \u0434\u043b\u044f \u0418\u0432\u0430\u043d\u0430. \u041e\u043f\u0438\u0441\u0430\u043d\u0438\u0435 \u0434\u043b\u044f \u0418\u0432\u0430\u043d\u0430. \u041e\u043f\u0438\u0441\u0430\u043d\u0438\u0435 \u0434\u043b\u044f \u0418\u0432\u0430\u043d\u0430.", "position": "\u041f\u0440\u0435\u043f\u043e\u0434\u0430\u0432\u0430\u0442\u0435\u043b\u044c", "verified": false, "groups": [], "user_permissions": []}}, {"model": "goto.faquestion", "pk": 1, "fields": {"question": "\u041a\u0430\u043a \u0434\u0435\u043b\u0430?", "answer": "\u041f\u0440\u0438\u0432\u0435\u0442", "question_author": null}}, {"model": "goto.application", "pk": 1, "fields": {"arrangement": 1, "department": 1, "participant": 1, "status": 0, "date_created": "2016-08-01T08:23:55.260Z", "my_order": 0}}, {"model": "goto.application", "pk": 2, "fields": {"arrangement": 1, "department": 2, "participant": 1, "status": 0, "date_created": "2016-08-14T15:46:06.891Z", "my_order": 0}}, {"model": "goto.application", "pk": 3, "fields": {"arrangement": 1, "department": 2, "participant": 1, "status": 0, "date_created": "2016-08-14T15:46:54.746Z", "my_order": 0}}, {"model": "goto.application", "pk": 4, "fields": {"arrangement": 1, "department": 2, "participant": 1, "status": 0, "date_created": "2016-08-14T15:47:34.280Z", "my_order": 0}}, {"model": "goto.application", "pk": 5, "fields": {"arrangement": 1, "department": 2, "participant": 1, "status": 3, "date_created": "2016-08-14T15:48:21.340Z", "my_order": 0}}, {"model": "goto.application", "pk": 6, "fields": {"arrangement": 1, "department": 2, "participant": 1, "status": 3, "date_created": "2016-08-14T17:07:15.556Z", "my_order": 0}}, {"model": "goto.application", "pk": 7, "fields": {"arrangement": 1, "department": 2, "participant": 1, "status": 3, "date_created": "2016-08-16T14:55:11.493Z", "my_order": 0}}, {"model": "goto.application", "pk": 8, "fields": {"arrangement": 1, "department": 2, "participant": 1, "status": 4, "date_created": "2016-08-16T14:56:43.861Z", "my_order": 0}}, {"model": "goto.experting", "pk": 2, "fields": {"arrangement": 1, "expert": 3, "status": 1}}, {"model": "goto.experting", "pk": 3, "fields": {"arrangement": 3, "expert": 3, "status": 1}}, {"model": "goto.project", "pk": 1, "fields": {"title": "\u0418\u043d\u0442\u0435\u0440\u0432\u044c\u044e \u0440\u0443\u043a\u043e\u0432\u043e\u0434\u0438\u0442\u0435\u043b\u044f \u043d\u0430\u043f\u0440\u0430\u0432\u043b\u0435\u043d\u0438\u044f \u0440\u043e\u0431\u043e\u0442\u043e\u0442\u0435\u0445\u043d\u0438\u043a\u0438 GoTo \u0410\u043b\u0435\u043a\u0441\u0435\u044f \u041f\u0435\u0440\u0435\u043f\u0435\u043b\u043a\u0438\u043d\u0430", "description": "\u0418\u043d\u0442\u0435\u0440\u0432\u044c\u044e \u0440\u0443\u043a\u043e\u0432\u043e\u0434\u0438\u0442\u0435\u043b\u044f \u043d\u0430\u043f\u0440\u0430\u0432\u043b\u0435\u043d\u0438\u044f \u0440\u043e\u0431\u043e\u0442\u043e\u0442\u0435\u0445\u043d\u0438\u043a\u0438 GoTo \u0410\u043b\u0435\u043a\u0441\u0435\u044f \u041f\u0435\u0440\u0435\u043f\u0435\u043b\u043a\u0438\u043d\u0430", "link": "http://edurobots.ru/2015/10/aleksej-perepelkin-intervyu/", "supervisor": 3, "arrangement": 1, "pricture": "", "maintainers": [1]}}, {"model": "goto.settings", "pk": 1, "fields": {"current_left_school": 1, "current_right_school": 1, "current_hackathon": 1, "index_partners": [2], "about_us_partners": [2, 1], "about_us_team": [3]}}, {"model": "filer.folder", "pk": 1, "fields": {"parent": null, "name": "Samples", "owner": 1, "uploaded_at": "2016-08-14T15:52:07.909Z", "created_at": "2016-08-14T15:52:07.909Z", "modified_at": "2016-08-14T15:52:07.909Z", "lft": 1, "rght": 2, "tree_id": 1, "level": 0}}, {"model": "filer.file", "pk": 1, "fields": {"polymorphic_ctype": 33, "folder": 1, "file": "filer_public/0d/99/0d992b0e-1c3b-4cdb-a794-81334d41e91d/maxresdefault1.jpg", "_file_size": 88066, "sha1": "4df401121e3db39c7aedde15edc3c1abe016161a", "has_all_mandatory_data": false, "original_filename": "maxresdefault1.jpg", "name": "", "description": null, "owner": 1, "uploaded_at": "2016-08-14T15:53:38.634Z", "modified_at": "2016-08-14T15:53:38.634Z", "is_public": true}}, {"model": "filer.clipboard", "pk": 1, "fields": {"user": 1}}, {"model": "filer.image", "pk": 1, "fields": {"_height": 720, "_width": 1280, "default_alt_text": null, "default_caption": null, "subject_location": "", "date_taken": "2016-08-14T15:53:38.539Z", "author": null, "must_always_publish_author_credit": false, "must_always_publish_copyright": false}}, {"model": "social_auth.usersocialauth", "pk": 1, "fields": {"user": 4, "provider": "github", "uid": "9252314", "extra_data": "{\"id\": 9252314, \"expires\": null, \"token_type\": \"bearer\", \"access_token\": \"a78f07886a630a2c9cb2829a3a199923545329e8\", \"login\": \"Gogmig\"}"}}, {"model": "admin.logentry", "pk": 1, "fields": {"action_time": "2016-08-14T15:50:28.158Z", "user": 1, "content_type": 12, "object_id": "2", "object_repr": "\u041c\u0430\u0448\u0438\u043d\u043d\u043e\u0435 \u043e\u0431\u0443\u0447\u0435\u043d\u0438\u0435", "action_flag": 3, "change_message": ""}}, {"model": "admin.logentry", "pk": 2, "fields": {"action_time": "2016-08-14T15:54:18.836Z", "user": 1, "content_type": 12, "object_id": "1", "object_repr": "\u0413\u043e\u0440\u043e\u0434\u0441\u043a\u0430\u044f \u0448\u043a\u043e\u043b\u0430 GoTo", "action_flag": 2, "change_message": "Changed name, short_description, full_description and main_image. Changed image for department \"Department object\". Changed image for department \"Department object\". Changed begin_date and end_date for arrangement \"\u0413\u043e\u0440\u043e\u0434\u0441\u043a\u0430\u044f \u0448\u043a\u043e\u043b\u0430 GoTo 2016-08-01-2016-08-08\"."}}, {"model": "admin.logentry", "pk": 3, "fields": {"action_time": "2016-08-14T15:54:39.640Z", "user": 1, "content_type": 26, "object_id": "1", "object_repr": "Settings object", "action_flag": 2, "change_message": "Changed current_right_school and current_hackathon."}}, {"model": "admin.logentry", "pk": 4, "fields": {"action_time": "2016-08-14T15:57:46.198Z", "user": 1, "content_type": 12, "object_id": "3", "object_repr": "\u041b\u0435\u043a\u0446\u0438\u044f \u043f\u043e \u043c\u0430\u0448\u0438\u043d\u043d\u043e\u043c\u0443 \u043e\u0431\u0443\u0447\u0435\u043d\u0438\u044e", "action_flag": 1, "change_message": "Added."}}, {"model": "admin.logentry", "pk": 5, "fields": {"action_time": "2016-08-14T15:57:59.382Z", "user": 1, "content_type": 13, "object_id": "1", "object_repr": "\u0413\u043e\u0440\u043e\u0434\u0441\u043a\u0430\u044f \u0448\u043a\u043e\u043b\u0430 GoTo 2016-08-01-2016-08-08", "action_flag": 2, "change_message": "Changed status for experting \"\u0418\u0432\u0430\u043d \u0411\u0438\u0431\u043b\u043e\u0432 on \u0413\u043e\u0440\u043e\u0434\u0441\u043a\u0430\u044f \u0448\u043a\u043e\u043b\u0430 GoTo 2016-08-01-2016-08-08\"."}}, {"model": "admin.logentry", "pk": 6, "fields": {"action_time": "2016-08-14T15:58:19.271Z", "user": 1, "content_type": 13, "object_id": "3", "object_repr": "\u041b\u0435\u043a\u0446\u0438\u044f \u043f\u043e \u043c\u0430\u0448\u0438\u043d\u043d\u043e\u043c\u0443 \u043e\u0431\u0443\u0447\u0435\u043d\u0438\u044e 2016-08-14-2016-08-14", "action_flag": 1, "change_message": "Added. Added experting \"\u0418\u0432\u0430\u043d \u0411\u0438\u0431\u043b\u043e\u0432 on \u041b\u0435\u043a\u0446\u0438\u044f \u043f\u043e \u043c\u0430\u0448\u0438\u043d\u043d\u043e\u043c\u0443 \u043e\u0431\u0443\u0447\u0435\u043d\u0438\u044e 2016-08-14-2016-08-14\"."}}, {"model": "admin.logentry", "pk": 7, "fields": {"action_time": "2016-08-14T15:58:45.630Z", "user": 1, "content_type": 12, "object_id": "3", "object_repr": "\u041b\u0435\u043a\u0446\u0438\u044f \u043f\u043e \u043c\u0430\u0448\u0438\u043d\u043d\u043e\u043c\u0443 \u043e\u0431\u0443\u0447\u0435\u043d\u0438\u044e", "action_flag": 2, "change_message": "Changed main_image."}}, {"model": "admin.logentry", "pk": 8, "fields": {"action_time": "2016-08-14T16:02:41.468Z", "user": 1, "content_type": 9, "object_id": "3", "object_repr": "\u0418\u0432\u0430\u043d \u0411\u0438\u0431\u043b\u043e\u0432", "action_flag": 2, "change_message": "Changed profile_picture."}}, {"model": "admin.logentry", "pk": 9, "fields": {"action_time": "2016-08-14T16:07:27.857Z", "user": 1, "content_type": 9, "object_id": "3", "object_repr": "\u0418\u0432\u0430\u043d \u0411\u0438\u0431\u043b\u043e\u0432", "action_flag": 2, "change_message": "Changed about."}}, {"model": "admin.logentry", "pk": 10, "fields": {"action_time": "2016-08-14T16:07:47.596Z", "user": 1, "content_type": 9, "object_id": "3", "object_repr": "\u0418\u0432\u0430\u043d \u0411\u0438\u0431\u043b\u043e\u0432", "action_flag": 2, "change_message": "Changed about and short_description."}}, {"model": "admin.logentry", "pk": 11, "fields": {"action_time": "2016-08-14T16:10:24.005Z", "user": 1, "content_type": 25, "object_id": "2", "object_repr": "\u041a\u0440\u043e\u043a", "action_flag": 2, "change_message": "Changed image."}}, {"model": "admin.logentry", "pk": 12, "fields": {"action_time": "2016-08-14T16:10:36.614Z", "user": 1, "content_type": 25, "object_id": "1", "object_repr": "\u0420\u0430\u043c\u0431\u043b\u0435\u0440", "action_flag": 2, "change_message": "Changed image."}}, {"model": "admin.logentry", "pk": 13, "fields": {"action_time": "2016-08-14T16:36:07.835Z", "user": 1, "content_type": 27, "object_id": "1", "object_repr": "\u0418\u043d\u0442\u0435\u0440\u0432\u044c\u044e \u0440\u0443\u043a\u043e\u0432\u043e\u0434\u0438\u0442\u0435\u043b\u044f \u043d\u0430\u043f\u0440\u0430\u0432\u043b\u0435\u043d\u0438\u044f \u0440\u043e\u0431\u043e\u0442\u043e\u0442\u0435\u0445\u043d\u0438\u043a\u0438 GoTo \u0410\u043b\u0435\u043a\u0441\u0435\u044f \u041f\u0435\u0440\u0435\u043f\u0435\u043b\u043a\u0438\u043d\u0430", "action_flag": 1, "change_message": "Added."}}, {"model": "admin.logentry", "pk": 14, "fields": {"action_time": "2016-08-14T17:02:29.342Z", "user": 1, "content_type": 12, "object_id": "4", "object_repr": "\u041b\u0435\u043a\u0446\u0438\u044f \u043f\u043e \u043c\u0430\u0448\u0438\u043d\u043d\u043e\u043c\u0443 \u043e\u0431\u0443\u0447\u0435\u043d\u0438\u044e", "action_flag": 1, "change_message": "Added."}}, {"model": "admin.logentry", "pk": 15, "fields": {"action_time": "2016-08-14T17:02:56.033Z", "user": 1, "content_type": 13, "object_id": "4", "object_repr": "\u041b\u0435\u043a\u0446\u0438\u044f \u043f\u043e \u043c\u0430\u0448\u0438\u043d\u043d\u043e\u043c\u0443 \u043e\u0431\u0443\u0447\u0435\u043d\u0438\u044e 2016-02-20-2016-02-20", "action_flag": 1, "change_message": "Added."}}, {"model": "admin.logentry", "pk": 16, "fields": {"action_time": "2016-08-14T17:10:20.225Z", "user": 1, "content_type": 10, "object_id": "1", "object_repr": "FAQuestion object", "action_flag": 1, "change_message": "Added."}}, {"model": "admin.logentry", "pk": 17, "fields": {"action_time": "2016-08-17T18:09:43.917Z", "user": 1, "content_type": 8, "object_id": "1", "object_repr": "\u041e\u043b\u0435\u0433 \u0412\u0430\u0441\u0438\u043b\u044c\u0435\u0432", "action_flag": 2, "change_message": "Changed education_type, education_name, education_years and graduation_year."}}, {"model": "admin.logentry", "pk": 18, "fields": {"action_time": "2016-08-18T22:10:16.250Z", "user": 1, "content_type": 12, "object_id": "4", "object_repr": "\u041b\u0435\u043a\u0446\u0438\u044f \u043f\u043e \u043c\u0430\u0448\u0438\u043d\u043d\u043e\u043c\u0443 \u043e\u0431\u0443\u0447\u0435\u043d\u0438\u044e", "action_flag": 2, "change_message": "No fields changed."}}, {"model": "admin.logentry", "pk": 19, "fields": {"action_time": "2016-08-19T09:01:55.346Z", "user": 1, "content_type": 8, "object_id": "1", "object_repr": "\u041e\u043b\u0435\u0433 \u0412\u0430\u0441\u0438\u043b\u044c\u0435\u0432", "action_flag": 2, "change_message": "Changed birthday."}}, {"model": "admin.logentry", "pk": 20, "fields": {"action_time": "2016-08-19T09:02:20.139Z", "user": 1, "content_type": 8, "object_id": "1", "object_repr": "\u041e\u043b\u0435\u0433 \u0412\u0430\u0441\u0438\u043b\u044c\u0435\u0432", "action_flag": 2, "change_message": "Changed graduation_year."}}, {"model": "admin.logentry", "pk": 21, "fields": {"action_time": "2016-08-23T22:18:35.635Z", "user": 1, "content_type": 19, "object_id": "1", "object_repr": "\u0418\u043d\u0442\u0435\u0440\u0432\u044c\u044e \u0440\u0443\u043a\u043e\u0432\u043e\u0434\u0438\u0442\u0435\u043b\u044f \u043d\u0430\u043f\u0440\u0430\u0432\u043b\u0435\u043d\u0438\u044f \u0440\u043e\u0431\u043e\u0442\u043e\u0442\u0435\u0445\u043d\u0438\u043a\u0438 GoTo \u0410\u043b\u0435\u043a\u0441\u0435\u044f \u041f\u0435\u0440\u0435\u043f\u0435\u043b\u043a\u0438\u043d\u0430", "action_flag": 2, "change_message": "No fields changed."}}, {"model": "admin.logentry", "pk": 22, "fields": {"action_time": "2016-08-24T14:25:03.211Z", "user": 1, "content_type": 12, "object_id": "4", "object_repr": "\u041b\u0435\u043a\u0446\u0438\u044f \u043f\u043e \u043c\u0430\u0448\u0438\u043d\u043d\u043e\u043c\u0443 \u043e\u0431\u0443\u0447\u0435\u043d\u0438\u044e", "action_flag": 2, "change_message": "No fields changed."}}, {"model": "admin.logentry", "pk": 23, "fields": {"action_time": "2016-08-24T14:28:49.054Z", "user": 1, "content_type": 12, "object_id": "4", "object_repr": "\u041b\u0435\u043a\u0446\u0438\u044f \u043f\u043e \u043c\u0430\u0448\u0438\u043d\u043d\u043e\u043c\u0443 \u043e\u0431\u0443\u0447\u0435\u043d\u0438\u044e", "action_flag": 2, "change_message": "Added department \"\u041c\u0430\u0448\u0438\u043d\u043d\u043e\u0435 \u043e\u0431\u0443\u0447\u0435\u043d\u0438\u0435\"."}}, {"model": "admin.logentry", "pk": 24, "fields": {"action_time": "2016-08-24T14:28:59.140Z", "user": 1, "content_type": 12, "object_id": "4", "object_repr": "\u041b\u0435\u043a\u0446\u0438\u044f \u043f\u043e \u043c\u0430\u0448\u0438\u043d\u043d\u043e\u043c\u0443 \u043e\u0431\u0443\u0447\u0435\u043d\u0438\u044e", "action_flag": 2, "change_message": "No fields changed."}}, {"model": "admin.logentry", "pk": 25, "fields": {"action_time": "2016-08-24T14:29:21.656Z", "user": 1, "content_type": 12, "object_id": "4", "object_repr": "\u041b\u0435\u043a\u0446\u0438\u044f \u043f\u043e \u043c\u0430\u0448\u0438\u043d\u043d\u043e\u043c\u0443 \u043e\u0431\u0443\u0447\u0435\u043d\u0438\u044e", "action_flag": 2, "change_message": "No fields changed."}}, {"model": "admin.logentry", "pk": 26, "fields": {"action_time": "2016-08-24T14:29:42.766Z", "user": 1, "content_type": 12, "object_id": "4", "object_repr": "\u041b\u0435\u043a\u0446\u0438\u044f \u043f\u043e \u043c\u0430\u0448\u0438\u043d\u043d\u043e\u043c\u0443 \u043e\u0431\u0443\u0447\u0435\u043d\u0438\u044e", "action_flag": 2, "change_message": "Added arrangement \"\u041b\u0435\u043a\u0446\u0438\u044f \u043f\u043e \u043c\u0430\u0448\u0438\u043d\u043d\u043e\u043c\u0443 \u043e\u0431\u0443\u0447\u0435\u043d\u0438\u044e 2016-08-24-2016-08-25\"."}}, {"model": "admin.logentry", "pk": 27, "fields": {"action_time": "2016-08-24T14:34:18.165Z", "user": 1, "content_type": 12, "object_id": "4", "object_repr": "\u041b\u0435\u043a\u0446\u0438\u044f \u043f\u043e \u043c\u0430\u0448\u0438\u043d\u043d\u043e\u043c\u0443 \u043e\u0431\u0443\u0447\u0435\u043d\u0438\u044e", "action_flag": 2, "change_message": "No fields changed."}}, {"model": "admin.logentry", "pk": 28, "fields": {"action_time": "2016-08-24T14:36:54.574Z", "user": 1, "content_type": 42, "object_id": "1", "object_repr": "Step object", "action_flag": 1, "change_message": "Added."}}, {"model": "admin.logentry", "pk": 29, "fields": {"action_time": "2016-08-24T15:02:45.156Z", "user": 1, "content_type": 12, "object_id": "1", "object_repr": "\u0413\u043e\u0440\u043e\u0434\u0441\u043a\u0430\u044f \u0448\u043a\u043e\u043b\u0430 GoTo", "action_flag": 2, "change_message": "Changed steps."}}, {"model": "admin.logentry", "pk": 30, "fields": {"action_time": "2016-08-24T15:09:20.300Z", "user": 1, "content_type": 12, "object_id": "1", "object_repr": "\u0413\u043e\u0440\u043e\u0434\u0441\u043a\u0430\u044f \u0448\u043a\u043e\u043b\u0430 GoTo", "action_flag": 2, "change_message": "Changed slug."}}, {"model": "admin.logentry", "pk": 31, "fields": {"action_time": "2016-08-24T15:09:41.240Z", "user": 1, "content_type": 12, "object_id": "3", "object_repr": "\u041b\u0435\u043a\u0446\u0438\u044f \u043f\u043e \u043c\u0430\u0448\u0438\u043d\u043d\u043e\u043c\u0443 \u043e\u0431\u0443\u0447\u0435\u043d\u0438\u044e", "action_flag": 2, "change_message": "Changed slug."}}, {"model": "admin.logentry", "pk": 32, "fields": {"action_time": "2016-08-24T15:09:55.213Z", "user": 1, "content_type": 12, "object_id": "4", "object_repr": "\u041b\u0435\u043a\u0446\u0438\u044f \u043f\u043e \u043c\u0430\u0448\u0438\u043d\u043d\u043e\u043c\u0443 \u043e\u0431\u0443\u0447\u0435\u043d\u0438\u044e", "action_flag": 2, "change_message": "Changed slug."}}, {"model": "admin.logentry", "pk": 33, "fields": {"action_time": "2016-08-28T18:45:00.121Z", "user": 1, "content_type": 44, "object_id": "1", "object_repr": "\u0425\u0430\u043a\u0430\u0442\u043e\u043d - \u0447\u0442\u043e \u043d\u0443\u0436\u043d\u043e", "action_flag": 1, "change_message": "Added. Added block entity \"BlockEntity object\"."}}, {"model": "admin.logentry", "pk": 34, "fields": {"action_time": "2016-08-28T22:46:36.524Z", "user": 1, "content_type": 44, "object_id": "2", "object_repr": "\u0420\u0430\u0441\u043f\u0438\u0441\u0430\u043d\u0438\u0435 \u0445\u0430\u043a\u0430\u0442\u043e\u043d\u0430", "action_flag": 1, "change_message": "Added. Added day \"Day object\"."}}, {"model": "admin.logentry", "pk": 35, "fields": {"action_time": "2016-08-28T22:47:40.946Z", "user": 1, "content_type": 44, "object_id": "2", "object_repr": "\u0420\u0430\u0441\u043f\u0438\u0441\u0430\u043d\u0438\u0435 \u0445\u0430\u043a\u0430\u0442\u043e\u043d\u0430", "action_flag": 2, "change_message": "Added day \"Day object\"."}}]